"Agricultural Animal Care and Use Program (AACUP)  | Office of the Vice Chancellor for Research","http://aacup.illinois.edu"
"Department of Agricultural and Biological Engineering, University of Illinois","http://abe.illinois.edu"
"Home, ACDIS, University of Illinois at Urbana-Champaign","http://acdis.illinois.edu"
"Welcome - The Air Conditioning and Refrigeration Center - Illinois","http://acrc.mechse.illinois.edu"
"University of Illinois Admissions","http://admissions.illinois.edu"
"adsc.illinois.edu","http://adsc.illinois.edu"
"aerospace.illinois.edu","http://aerospace.illinois.edu"
"Air Force ROTC Detachment 190","http://afrotc.illinois.edu"
"Agricultural Education :: College of ACES, University of Illinois","http://aged.illinois.edu"
"Allerton","http://allerton.illinois.edu"
"Illinois Applied Research Institute","http://appliedresearch.illinois.edu"
"University of Illinois Archives | bringing history to life","http://archives.library.illinois.edu"
"The School of Art and Design - University of Illinois at Urbana-Champaign","http://art.illinois.edu"
"Beckman Institute for Advanced Science and Technology, Beckman Institute, University of Illinois","http://beckman.illinois.edu"
"Welcome, Beckman Institute Biomedical Imaging Center, Illinois","http://bic.beckman.illinois.edu"
"Integrated Bioprocessing Research Laboratory | University of Illinois","http://bioenergy.illinois.edu"
"Bioengineering Department","http://bioengineering.illinois.edu"
"IHSI","http://biomedical.illinois.edu"
"About | Center for Biophysics and Quantitative Biology | University of Illinois","http://biophysics.illinois.edu"
"Welcome | Illinois BIS","http://bis.illinois.edu"
"College of Business - University of Illinois","http://business.illinois.edu"
"CCAAS","http://ccaas.illinois.edu"
"Center for Children s Books","http://ccb.lis.illinois.edu"
"Child Care Resource Service | Illinois","http://ccrs.illinois.edu"
"Child Development Lab, University of Illinois at Urbana-Champaign","http://cdl.illinois.edu"
"Home | Civil and Environmental Engineering at Illinois","http://cee.illinois.edu"
"CEEP. University of Illinois","http://ceep.crc.illinois.edu"
"The Center on Health, Aging, and Disability :: The College of Applied Health Sciences :: University of Illinois at Urbana-Champaign","http://chad.illinois.edu"
"CHAMP @ Illinois","http://champ.anthro.illinois.edu"
"Chemistry at Illinois: The Department of Chemistry, University of Illinois at Urbana-Champaign","http://chemistry.illinois.edu"
"GSLIS Center for Informatics Research in Science and Scholarship (CIRSS) University of Illinois","http://cirss.lis.illinois.edu"
"Center for Innovation in Teaching and Learning","http://citl.illinois.edu"
"Corporate Relations | University of Illinois at Urbana-Champaign","http://corporaterelations.illinois.edu"
"Course Explorer","http://courses.illinois.edu"
"Home | CPMI - Illinois","http://cpmi.illinois.edu"
"Campus Research Board Programs - OVCR - University of Illinois","http://crb.research.illinois.edu"
"Creative Services | Public Affairs | University of Illinois at Urbana Champaign","http://creativeservices.illinois.edu"
"Unit for Criticism at the University of Illinois at Urbana Champaign","http://criticism.english.illinois.edu"
"Department of Crop Sciences, University of Illinois","http://cropsci.illinois.edu"
"Department of Computer Science at Illinois","http://cs.illinois.edu"
"The Center for the Study of Reading - University of Illinois","http://csr.education.illinois.edu"
"Welcome to the Center for Innovation in Teaching and Learning at the University of Illinois","http://cte.illinois.edu"
"Dance at Illinois | University of Illinois at Urbana-Champaign","http://dance.illinois.edu"
"Division of General Studies","http://dgs.illinois.edu"
"EaSE - Energy and Sustainability Engineering","http://ease.illinois.edu"
"Home :: ECE ILLINOIS","http://ece.illinois.edu"
"ECRP: Early Childhood Research  and Practice","http://ecrp.illinois.edu"
"College Home | College of Education | U of I","http://education.illinois.edu"
"Welcome to Public Engagement at the University of Illinois at Urbana-Champaign","http://engagement.illinois.edu"
"Engineering at Illinois","http://engineering.illinois.edu"
"Enrollment Management","http://enrollmentmanagement.illinois.edu"
"Home | College of Fine + Applied Arts","http://faa.illinois.edu"
"Faculty Advisory Committee, University of Illinois, Urbana-Champaign Campus","http://fac.illinois.edu"
"Family Resiliency Center | Illinois","http://familyresiliency.illinois.edu"
"University of Illinois Facilities and Services","http://fs.illinois.edu"
"Faculty-Staff Assistance Program - University of Illinois","http://fsap.illinois.edu"
"Department of Food Science and Human Nutrition :: College of ACES, University of Illinois","http://fshn.illinois.edu"
"Short URLs","http://go.illinois.edu"
"Welcome - University Human Resources","http://hr.uillinois.edu"
"Illinois Human Resources - University of Illinois","http://humanresources.illinois.edu"
"Illinois Institutional Animal Care and Use Committee (IACUC) | Office of the Vice Chancellor for Research","http://iacuc.research.illinois.edu"
"Home | ICT - Illinois","http://ict.illinois.edu"
"Electron Paramagnetic Resonance Lab | School of Chemical Sciences | University of Illinois, UC","http://ierc.med.illinois.edu"
"Institute of Government and Public Affairs | Where leaders turn for analysis of crucial issues","http://igpa.uillinois.edu"
"Welcome to I-HEALTH | I-HEALTH","http://ihealth.illinois.edu"
"Home | University of Illinois Urbana-Champaign","http://illinois.edu"
"Illinois International | University of Illinois at Urbana-Champaign","http://international.illinois.edu"
"Office of International Programs :: College of ACES, University of Illinois","http://intlprograms.aces.illinois.edu"
"Home - Illinois State Archaeological Survey","http://isas.illinois.edu"
"Department of Industrial and Enterprise Systems Engineering","http://ise.illinois.edu"
"Beckman Institute Illinois Simulator Laboratory","http://isl.beckman.illinois.edu"
"Home - International Student and Scholar Services - University of Illinois at Urbana-Champaign","http://isss.illinois.edu"
"I-STEM—University of Illinois at Urbana-Champaign","http://istem.illinois.edu"
"Engineering IT Shared Services","http://it.engineering.illinois.edu"
"Information Technology and Communication Services :: College of ACES, University of Illinois at Urbana-Champaign","http://itcs.illinois.edu"
"ITG : The Imaging Technology Group, Beckman Institute, University of Illinois, Urbana-Champaign","http://itg.beckman.illinois.edu"
"Information Trust Institute","http://iti.illinois.edu"
"Krannert Art Museum | University of Illinois at Urbana-Champaign","http://kam.illinois.edu"
"Animal Sciences Collaborative Group  and Laboratory Sites | Department of Animal Sciences :: College of ACES, University of Illinois","http://labs.ansci.illinois.edu"
"College of Law | University of Illinois","http://law.illinois.edu"
"University Library, University of Illinois","http://library.illinois.edu"
"MAE Center Creating a Multi-hazard Approach to Engineering","http://mae.cee.illinois.edu"
"Maize Genetics COOP Stock Center's Home Page","http://maizecoop.cropsci.illinois.edu"
"Mathematics | Illinois","http://math.illinois.edu"
"The School of Molecular and Cellular Biology | University of Illinois Urbana-Champaign","http://mcb.illinois.edu"
"Home Page | Materials Computation Center","http://mcc.illinois.edu"
"mechanical.illinois.edu","http://mechanical.illinois.edu"
"- Micro and Nanotechnology Laboratory","http://mntl.illinois.edu"
"Materials Research Laboratory at Illinois","http://mrl.illinois.edu"
"Home Page, MSTE, University of Illinois","http://mste.illinois.edu"
"MURI","http://muri.ece.illinois.edu"
"Welcome  | Nano @ Illinois","http://nano.illinois.edu"
"Nessie Home","http://nessie.uihr.uillinois.edu"
"Neuroscience Program - University of Illinois","http://neuroscience.illinois.edu"
"News Bureau | ILLINOIS","http://news.illinois.edu"
"Department of Nuclear, Plasma, and Radiological Engineering - NPRE Illinois","http://npre.illinois.edu"
"Department of Natural Resources and Environmental Sciences :: College of ACES, University of Illinois","http://nres.illinois.edu"
"Office of the Chancellor | University of Illinois at Urbana-Champaign","http://oc.illinois.edu"
"OCCRL - Office of Community College Research and Leadership | College of Education | U of I","http://occrl.illinois.edu"
"University of Illinois | Degrees, Certificates, and Courses Offered Online from Illinois Online","http://oce.illinois.edu"
"Office of Inclusion and Intercultural Relations | University of Illinois at Urbana-Champaign","http://oiir.illinois.edu"
"Online Master of Science Teaching Biology Program | Online Master of Science Teaching Biology Program | University of Illinois","http://omst.sib.illinois.edu"
"Home - PAY MY BILL Home","http://paymybill.uillinois.edu"
"Physics Illinois | University of Illinois at Urbana-Champaign","http://physics.illinois.edu"
"Home Page | Illinois Professional Science Master s","http://psm.illinois.edu"
"Home | Public Affairs | Illinois","http://publicaffairs.illinois.edu"
"Main | Public Safety | Illinois","http://publicsafety.illinois.edu"
"Home Page | Office of the Vice Chancellor for Research","http://research.illinois.edu"
"Research Park | University of Illinois Urbana Champaign","http://researchpark.illinois.edu"
"University of Illinois, NROTC - Home","http://rotc.navy.illinois.edu"
"Speech  and Hearing Science","http://shs.illinois.edu"
"School of Integrative Biology | University of Illinois at Urbana-Champaign","http://sib.illinois.edu"
"Home | Student Affairs | University of Illinois","http://studentaffairs.illinois.edu"
"Campus Programs on Teaching and Learning, University of Illinois at Urbana-Champaign","http://teachingandlearning.illinois.edu"
"Top Scholars","http://topscholars.illinois.edu"
"Center for Training and Professional Development - University of Illinois","http://trainingcenter.illinois.edu"
"Illini Union","http://union.illinois.edu"
"Office of the Vice Chancellor for Institutional Advancement // University of Illinois at Urbana-Champaign","http://vcia.illinois.edu"
"University of Illinois College of Veterinary Medicine - A leader in veterinary and comparative biomedical education, scholarship, and public engagement.","http://vetmed.illinois.edu"
"University of Illinois Extension","http://web.extension.illinois.edu"
"Microsoft Internet Information Services 8","http://web.library.illinois.edu"
"Home | University of Illinois Webstore","http://webstore.illinois.edu"
"Home Page - Illinois Public Media","http://will.illinois.edu"
"Center for Wounded Veterans","http://woundedvetcenter.ahs.illinois.edu"
"Department of Agricultural and Consumer Economics :: College of ACES, University of Illinois","http://ace.illinois.edu"
"College of Agricultural, Consumer and Environmental Sciences, University of Illinois at Urbana-Champaign","http://aces.illinois.edu"
"Welcome | Department of African-American Studies | University of Illinois","http://afro.illinois.edu"
"Welcome | Center for African Studies | University of Illinois","http://afrst.illinois.edu"
"Academic Human Resources - University of Illinois","http://ahr.illinois.edu"
"APPLIED HEALTH SCIENCES","http://ahs.illinois.edu"
"id="pagetitle">Welcome to the American Indian Studies Program | American Indian Studies Program | University of Illinois","http://ais.illinois.edu"
"Home - AITS","http://aits.uillinois.edu"
"Department of Animal Sciences, College of ACES :: University of Illinois","http://ansci.illinois.edu"
"Welcome | The Department of Anthropology, University of Illinois","http://anthro.illinois.edu"
"University of Illinois Arboretum","http://arboretum.illinois.edu"
"The Illinois School of Architecture","http://arch.illinois.edu"
"Welcome to Asian American Studies | Department of Asian American Studies | University of Illinois","http://asianam.illinois.edu"
"Homepage "
  ATLAS, College of LAS, University of Illinois","http://atlas.illinois.edu"
"Home - The Department of Atmospheric Sciences at Illinois","http://atmos.illinois.edu"
"Home - Office of University Audits","http://audits.uillinois.edu"
"Institute of Aviation, Illinois - Home","http://aviation.illinois.edu"
"Illinois Bands","http://bands.illinois.edu"
"home | Biotech Center","http://biotech.illinois.edu"
"Home | The University of Illinois Board of Trustees","http://bot.uillinois.edu"
"Campus Recreation | University of Illinois","http://campusrec.illinois.edu"
"Council of Academic Professionals","http://cap.illinois.edu"
"Home | The Career Center","http://careercenter.illinois.edu"
"NO TITLE 162","http://carli.illinois.edu"
"CAS","http://cas.illinois.edu"
"U of I Center for Economic and Financial Education: University of Illinois","http://cefe.illinois.edu"
"Home | Private Certified Housing","http://certified.housing.illinois.edu"
"Children and Family Research Center at the University of Illinois at Urbana-Champaign, School of Social Work","http://cfrc.illinois.edu"
"Center for Global Studies - Illinois","http://cgs.illinois.edu"
"Department of Chemical and Biomolecular Engineering at Illinois","http://chbe.illinois.edu"
"Office of the CIO | Technology Services at Illinois","http://cio.illinois.edu"
"CITES | Campus Information Technologies and Educational Services | Illinois","http://cites.illinois.edu"
"Home | Center for Latin American  and Caribbean Studies, University of Illinois at Urbana-Champaign","http://clacs.illinois.edu"
"Welcome | "
Department of the Classics | University of Illinois","http://classics.illinois.edu"
"Home | Cline Center for Democracy | University of Illinois","http://clinecenter.illinois.edu"
"Home | Department of Communication | University of Illinois","http://communication.illinois.edu"
"NO TITLE 176","http://complit.illinois.edu"
"Office For Student Conflict Resolution, University of Illinois at Urbana-Champaign","http://conflictresolution.illinois.edu"
"Council on Teacher Education: University of Illinois at Urbana-Champaign","http://cote.illinois.edu"
"Counseling Center","http://counselingcenter.illinois.edu"
"C P R D Home - CPRD","http://cprd.illinois.edu"
"Homepage   CSAMES, College of LAS, University of Illinois","http://csames.illinois.edu"
"cse.illinois.edu","http://cse.illinois.edu"
"Coordinated Science Lab, Illinois","http://csl.illinois.edu"
"The Center for Writing Studies, University of Illinois","http://cws.illinois.edu"
"Division of Animal Resources (DAR) | Office of the Vice Chancellor for Research","http://dar.illinois.edu"
"Disability Resources  and Educational Services - University of Illinois","http://disability.illinois.edu"
"Division of Management Information","http://dmi.illinois.edu"
"Main | Public Safety | Illinois","http://dps.illinois.edu"
"What's New from DRI - Disability Research Institute - University of Illinois at Urbana-Champaign","http://dri.illinois.edu"
"Division of Research Safety - Illinois","http://drs.illinois.edu"
"Welcome | East Asian Languages and Cultures | University of Illinois","http://ealc.illinois.edu"
"Home | CEAPS | University of Illinois","http://eaps.illinois.edu"
"Home - EARTH","http://earth.illinois.edu"
"Chief Information Officer - University of Illinois","http://ecio.uillinois.edu"
"Welcome to Economics | Economics | University of Illinois","http://economics.illinois.edu"
"College Home | College of Education | U of I","http://ed.illinois.edu"
"Welcome to English   Department of English, College of LAS, University of Illinois","http://english.illinois.edu"
"University Ethics and Compliance Office - University of Ill...","http://ethics.uillinois.edu"
"European Union Center, University of Illinois","http://euc.illinois.edu"
"Welcome to Foellinger Auditorium at the University of Illinois at Urbana-Champaign","http://foellinger.illinois.edu"
"Welcome to  | Department of  | University of Illinois","http://frit.illinois.edu"
"University of Illinois Fire Service Institute","http://fsi.illinois.edu"
"Home - Geography and GIScience","http://geog.illinois.edu"
"Home - GEOLOGY","http://geology.illinois.edu"
"Home Department of Germanic Languages and Literatures, University of Illinois at Urbana-Champaign","http://germanic.illinois.edu"
"Welcome to Global Studies | LAS Global Studies Program | University of Illinois","http://globalstudies.illinois.edu"
"The Graduate College at the University of Illinois at Urbana-Champaign","http://grad.illinois.edu"
"Welcome | Department of Gender and Women's Studies | University of Illinois at Urbana-Champaign","http://gws.illinois.edu"
"Department of Human Development and Family Studies :: College of ACES, University of Illinois","http://hcd.illinois.edu"
"Welcome to History   Department of History, College of LAS, University of Illinois","http://history.illinois.edu"
"Home | Campus Honors Program, University of Illinois","http://honors.illinois.edu"
"University Housing at the University of Illinois","http://housing.illinois.edu"
"Illinois Business Consulting","http://ibc.illinois.edu"
"IDEALS @ Illinois: IDEALS Home","http://ideals.illinois.edu"
"Home | Intensive English Institute, College of LAS, University of Illinois","http://iei.illinois.edu"
"Carl R. Woese Institute for Genomic Biology | Where Science Meets Society","http://igb.illinois.edu"
"Illinois International | University of Illinois at Urbana-Champaign","http://ilint.illinois.edu"
"Illinois Leadership®  Center","http://illinoisleadership.illinois.edu"
"Illinois Natural History Survey Home","http://inhs.illinois.edu"
"IPRH | Illinois Program for Research in the Humanities","http://iprh.illinois.edu"
"International Programs and Studies, University of Illinois","http://ips.illinois.edu"
"UIUC Institutional Review Board - University of Illinois - IRB Administration","http://irb.illinois.edu"
"Illinois Student Senate Home","http://iss.illinois.edu"
"Illinois Sustainable Technology Center - University of Illinois","http://istc.illinois.edu"
"Illinois State Water Survey, University of Illinois at Urbana-Champaign","http://isws.illinois.edu"
"The Program in Jewish Culture and Society, University of Illinois","http://jewishculture.illinois.edu"
"Welcome to Kinesiology  and Community Health | Kinesiology  and Community Health","http://kch.illinois.edu"
"Department of Landscape Architecture","http://landarch.illinois.edu"
"College of LAS   Illinois","http://las.illinois.edu"
"Welcome | The University of Illinois Office of University Counsel","http://legal.uillinois.edu"
"School of Labor  and Employment Relations | University of Illinois at Urbana-Champaign","http://ler.illinois.edu"
"NO TITLE 239","http://life.illinois.edu"
"Home   Department of Linguistics, University of Illinois at Urbana-Champaign","http://linguistics.illinois.edu"
"Graduate School of Library and Information Science | University of Illinois | www.lis.illinois.edu","http://lis.illinois.edu"
"Home | Latina/Latino Studies, College of LAS, University of Illinois","http://lls.illinois.edu"
"Materials Science and Engineering at Illinois","http://matse.illinois.edu"
"Illinois MBA","http://mba.illinois.edu"
"Home : 	Chicago Executive MBA Program | ILLINOIS College of Business","http://mbachicago.illinois.edu"
"McKinley Health Center - University of Illinois at Urbana-Champaign","http://mckinley.illinois.edu"
"College of Medicine - University of Illinois Urbana-Champaign","http://med.illinois.edu"
"College of Media at University of Illinois |","http://media.illinois.edu"
"Welcome | Program in Medieval Studies | University of Illinois","http://medieval.illinois.edu"
"Military Education Council, University of Illinois","http://militaryed.illinois.edu"
"Home | Modern Greek | University of Illinois","http://moderngreek.illinois.edu"
"Motorcycle Rider Program :: University of Illinois at Urbana-Champaign","http://mrp.illinois.edu"
"School of Music | University of Illinois","http://music.illinois.edu"
"Home | National Center for Supercomputing Applications at the University of Illinois","http://ncsa.illinois.edu"
"Home | National Soybean Research Laboratory","http://nsrl.illinois.edu"
"Division of Nutritional Sciences :: College of ACES, University of Illinois","http://nutrsci.illinois.edu"
"Home - OBFS Home","http://obfs.uillinois.edu"
"Office of the Dean of Students :: University of Illinois","http://odos.illinois.edu"
"Office of Governmental Relations - OGR","http://ogr.uillinois.edu"
"OLLI at Illinois","http://olli.illinois.edu"
"Office of Minority Student Affairs | University of Illinois at Urbana-Champaign","http://omsa.illinois.edu"
"Online Degrees | University of Illinois Online Catalog","http://online.uillinois.edu"
"OSFA","http://osfa.illinois.edu"
"UIUC Office of Technology Management","http://otm.illinois.edu"
"Parking Department - University of Illinois at Urbana Champaign","http://parking.illinois.edu"
"Welcome to Philosophy | Department of Philosophy | University of Illinois","http://philosophy.illinois.edu"
"Home | Department of Political Science | University of Illinois","http://pol.illinois.edu"
"ADM Institute for the Prevention of Postharvest Loss","http://postharvestinstitute.illinois.edu"
"Prairie Research Institute","http://prairie.illinois.edu"
"Prelaw","http://prelaw.illinois.edu"
"Document Services - Illini Union","http://printing.illinois.edu"
"Office of the Provost, University of Illinois at Urbana-Champaign","http://provost.illinois.edu"
"Welcome | Psychological Services Center | University of Illinois","http://psc.illinois.edu"
"Welcome to the Department of Psychology | Psychology | University of Illinois","http://psych.illinois.edu"
"Police Training Institute | University of Illinois","http://pti.illinois.edu"
"R | E | A | L: University of Illinois at Urbana-Champaign","http://real.illinois.edu"
"Home | Russian, East European, and Eurasian Center | University of Illinois","http://reec.illinois.edu"
"Office of the Registrar","http://registrar.illinois.edu"
"Home | Department of Religion | University of Illinois","http://religion.illinois.edu"
"Office of Research :: College of ACES, University of Illinois","http://research.aces.illinois.edu"
"Recreation, Sport  and Tourism","http://rst.illinois.edu"
"School of Chemical Sciences | University of Illinois, UC","http://scs.illinois.edu"
"Senate of the Urbana-Champaign Campus, University of Illinois","http://senate.illinois.edu"
"Staff Human Resources - University of Illinois","http://shr.illinois.edu"
"Sinfonia da Camera : University of Illinois : Home","http://sinfonia.illinois.edu"
"Department of Slavic Languages and Literatures, University of Illinois","http://slavic.illinois.edu"
"Slavic Review","http://slavicreview.illinois.edu"
"Home | SLCL | University of Illinois","http://slcl.illinois.edu"
"School of Social Work, University of Illinois -","http://socialwork.illinois.edu"
"Home | Department of Sociology | University of Illinois at Urbana-Champaign","http://sociology.illinois.edu"
"Home | Department of Spanish  and Portuguese","http://spanport.illinois.edu"
"Welcome, Spurlock Museum, University of Illinois at Urbana-Champaign","http://spurlock.illinois.edu"
"Illinois Abroad and Global Exchange","http://studyabroad.illinois.edu"
"ILLINOIS | INSTITUTE FOR SUSTAINABILITY, ENERGY, AND ENVIRONMENT","http://sustainability.illinois.edu"
"Tax Schools, Seminars, and CPE Credit for Tax Practitioners - University of Illinois Tax School","http://taxschool.illinois.edu"
"Home - Technology Entrepreneur Center","http://tec.illinois.edu"
"College of Business: Technology Management: University of Illinois Urbana-Champaign","http://techmgmt.illinois.edu"
"Tenant Union :: University of Illinois at Urbana-Champaign","http://tenantunion.illinois.edu"
"Illinois Theatre | University of Illinois - Illinois Theatre UIUC","http://theatre.illinois.edu"
"Center for Translation Studies | University of Illinois","http://translation.illinois.edu"
"Treasury Operations - TREASURY","http://treasury.uillinois.edu"
"University Academic Programs and Services","http://uaps.uillinois.edu"
"University Of Illinois Foundation","http://uif.uillinois.edu"
"Home - University of Illinois","http://uillinois.edu"
"University Laboratory High School","http://uni.illinois.edu"
"Home - UOCPRES","http://uocpres.uillinois.edu"
"Welcome | Illini Union Bookstore","http://uofibookstore.illinois.edu"
"Illini Union Parent and Family Programs Office - Illini Union","http://uofiparentprograms.illinois.edu"
"Department of Urban  and Regional Planning","http://urban.illinois.edu"
"Home | University Senates Committee","http://usc.uillinois.edu"
"Home - PAY MY BILL Home","http://usfsco.uillinois.edu"
"Veterans Support Services :: University of Illinois at Urbana-Champaign","http://veterans.illinois.edu"
"University of Illinois Webmasters","http://webmasters.illinois.edu"
"Illinois Informatics Institute","https://informatics.illinois.edu"
"Home. - ITPC","https://itpc.uillinois.edu"
"Illinois Abroad and Global Exchange","https://studyabroad.illinois.edu"
"Treasury Operations - TREASURY","https://treasury.uillinois.edu