"Boston College Home Page","http://www.bc.edu","acc","boston_college","home"
"Admission &amp; Aid  - Boston College","http://www.bc.edu/content/bc/admission.html","acc","boston_college","admissions"
"Carroll School of Management - Boston College","http://www.bc.edu/content/bc/schools/csom.html","acc","boston_college","business"
"Lynch School of Education","http://www.bc.edu/schools/lsoe/","acc","boston_college","education"
"Morrissey College of Arts and Sciences - Boston College","http://www.bc.edu/schools/cas/","acc","boston_college","las"
"Clemson University, South Carolina","http://www.clemson.edu","acc","clemson","home"
"Admissions | Clemson University, South Carolina","http://www.clemson.edu/admissions/","acc","clemson","admissions"
"College of Business |  College of Business, Clemson University, South Carolina","http://www.clemson.edu/cbbs/","acc","clemson","business"
"College of Behavioral, Social and Health Sciences | The College of Behavioral, Social and Health Sciences","http://www.clemson.edu/hehd/","acc","clemson","education"
"Home |  College of Engineering, Computing and Applied Sciences | Clemson University, South Carolina","http://www.clemson.edu/ces/","acc","clemson","engineering"
"Home | College of Architecture, Arts and Humanities | Clemson University, South Carolina","http://www.clemson.edu/caah/","acc","clemson","las"
"Duke University","http://www.duke.edu","acc","duke","home"
"Duke University","http://admit.duke.edu","acc","duke","admissions"
"Duke University's Fuqua School of Business - Duke's Fuqua School of Business","http://www.fuqua.duke.edu","acc","duke","business"
"Duke Pratt School of Engineering","http://www.pratt.duke.edu","acc","duke","engineering"
"Trinity College of Arts & Sciences |","http://trinity.duke.edu","acc","duke","las"
"Florida State University","http://www.fsu.edu","acc","florida_state","home"
"FSU Admissions","http://admissions.fsu.edu","acc","florida_state","admissions"
"FSU College of Business","http://www.cob.fsu.edu","acc","florida_state","business"
"College of Education | Florida State University","http://www.coe.fsu.edu","acc","florida_state","education"
"FAMU-FSU College of Engineering :: Welcome","http://www.eng.fsu.edu","acc","florida_state","engineering"
"Arts and Sciences / FSU - College of Arts and Sciences","http://artsandsciences.fsu.edu","acc","florida_state","las"
"Georgia Tech","http://www.gatech.edu","acc","georgia_tech","home"
"Home | admission.gatech.edu | Georgia Institute of Technology | Atlanta, GA","http://www.admission.gatech.edu","acc","georgia_tech","admissions"
"Georgia Tech College of Business: Business Management &amp; Administration School | Georgia Tech","http://scheller.gatech.edu","acc","georgia_tech","business"
"College of Engineering |","http://www.coe.gatech.edu","acc","georgia_tech","engineering"
"Ivan Allen College of Liberal Arts - Georgia Tech - Atlanta, GA","http://www.iac.gatech.edu","acc","georgia_tech","las"
"University of Miami","http://www.miami.edu","acc","miami_of_florida","home"
"Undergraduate Admission | Enrollment Management","http://www.miami.edu/admission/index.php/undergraduate_admission/","acc","miami_of_florida","admissions"
"Home : University of Miami School of Business","http://www.bus.miami.edu","acc","miami_of_florida","business"
"itemprop="name">School of Education &amp; Human Development","http://www.education.miami.edu","acc","miami_of_florida","education"
"UM COE","http://www.miami.edu/coe/index.php/coe/","acc","miami_of_florida","engineering"
"College of Arts and Sciences - University of Miami - Home","http://www.as.miami.edu","acc","miami_of_florida","las"
"The University of North Carolina at Chapel Hill -","http://www.unc.edu","acc","north_carolina","home"
"UNC Admissions -University of North Carolina at Chapel Hill | Office of Undergraduate Admissions","http://admissions.unc.edu","acc","north_carolina","admissions"
"UNC Kenan-Flagler Business School - Top MBA Program - Top MBA School","http://www.kenan-flagler.unc.edu","acc","north_carolina","business"
"UNC School of Education","http://soe.unc.edu","acc","north_carolina","education"
"College of Arts and Sciences","http://college.unc.edu","acc","north_carolina","las"
"NC State University","http://www.ncsu.edu","acc","north_carolina_state","home"
"Office of Undergraduate Admissions at North Carolina State University","http://admissions.ncsu.edu","acc","north_carolina_state","admissions"
"Poole College of Management at North Carolina State University","http://poole.ncsu.edu","acc","north_carolina_state","business"
"College of Education | NC State University","http://ced.ncsu.edu","acc","north_carolina_state","education"
"College of Engineering :: North Carolina State University","http://www.engr.ncsu.edu","acc","north_carolina_state","engineering"
"College of Humanities and Social Sciences - NC State","http://www.chass.ncsu.edu","acc","north_carolina_state","las"
"The University of Virginia","http://www.virginia.edu","acc","virginia","home"
"Office of Undergraduate Admission |","http://www.admission.virginia.edu","acc","virginia","admissions"
"Home - Curry School of Education","http://curry.virginia.edu","acc","virginia","education"
"U.Va. School of Engineering and Applied Science","http://www.seas.virginia.edu","acc","virginia","engineering"
"College and Graduate School of Arts and Sciences, University of Virginia |","http://artsandsciences.virginia.edu","acc","virginia","las"
"Virginia Tech homepage | Virginia Tech","http://www.vt.edu","acc","virginia_tech","home"
"Home | Undergraduate Admissions | Virginia Tech","http://www.admiss.vt.edu","acc","virginia_tech","admissions"
"Virginia Tech&#039;s Pamplin College of Business","http://www.pamplin.vt.edu","acc","virginia_tech","business"
"www.eng.vt.edu |","http://www.eng.vt.edu","acc","virginia_tech","engineering"
"NO TITLE 54","http://www.clahs.vt.edu","acc","virginia_tech","las"
"Wake Forest University","http://www.wfu.edu","acc","wakeforest","home"
"Undergraduate Admissions | Wake Forest University","http://admissions.wfu.edu","acc","wakeforest","admissions"
"Wake Forest University School of Business","http://business.wfu.edu","acc","wakeforest","business"
"University of Louisville","http://louisville.edu","acc","louisville","home"
"Office of Admissions","http://louisville.edu/admissions/","acc","louisville","admissions"
"UofL College of Business | Top Ranked College of Business. Entrepreneurship, MBA, Global, Graduate programs, Equine Business, Ulmer Career Center, Forcht Center for Entrepreneurship,","http://business.louisville.edu","acc","louisville","business"
"College of Education and Human Development  College of Education and Human Development","http://louisville.edu/education/","acc","louisville","education"
"Life Takes Engineering - Speed School Delivers!  J.B. Speed School of Engineering","http://louisville.edu/speed/","acc","louisville","engineering"
"College of Arts and Sciences  The College of Arts and Sciences","http://louisville.edu/artsandsciences/","acc","louisville","las"
"Home | University of Pittsburgh","http://www.pitt.edu","acc","pittsburgh","home"
"Office of Admissions and Financial Aid | University of Pittsburgh","http://www.oafa.pitt.edu","acc","pittsburgh","admissions"
"Pitt Business | Katz Graduate School of Business and College of Business Administration","http://www.business.pitt.edu","acc","pittsburgh","business"
"School of Education | University of Pittsburgh","http://www.education.pitt.edu","acc","pittsburgh","education"
"Swanson School of Engineering - University of Pittsburgh","http://www.engineering.pitt.edu","acc","pittsburgh","engineering"
"Headlines &amp; Highlights | University of Pittsburgh  | University of Pittsburgh","http://www.as.pitt.edu","acc","pittsburgh","las"
"Syracuse University","http://www.syracuse.edu","acc","syracuse","home"
"Admissions","http://www.syracuse.edu/admissions/","acc","syracuse","admissions"
"Whitman School of Management at Syracuse University","http://whitman.syr.edu","acc","syracuse","business"
"School of Education - School of Education - Syracuse University","http://soeweb.syr.edu","acc","syracuse","education"
"Arts and Sciences:  TheCollege Home Page Syracuse University","http://thecollege.syr.edu","acc","syracuse","las"
"University of Notre Dame","http://nd.edu","acc","notre_dame","home"
"Undergraduate Admissions // University of Notre Dame","http://admissions.nd.edu","acc","notre_dame","admissions"
"Mendoza College of Business // University of Notre Dame","http://mendoza.nd.edu/","acc","notre_dame","business"
"College of Engineering","http://engineering.nd.edu","acc","notre_dame","engineering"
"College of Arts and Letters // University of Notre Dame","http://al.nd.edu","acc","notre_dame","las"
"University of Dayton","http://www.udayton.edu","atlantic10","dayton","home"
"Admission &amp; Financial Aid : University of Dayton, Ohio","http://www.udayton.edu/apply/","atlantic10","dayton","admissions"
"School of Business - Undergraduate : University of Dayton, Ohio","http://www.udayton.edu/learn/undergraduate/business/","atlantic10","dayton","business"
"School of Education - Undergraduate : University of Dayton, Ohio","http://www.udayton.edu/learn/undergraduate/education/","atlantic10","dayton","education"
"School of Engineering - Undergraduate : University of Dayton, Ohio","http://www.udayton.edu/learn/undergraduate/engineering/","atlantic10","dayton","engineering"
"Arts and Sciences - Undergraduate : University of Dayton, Ohio","http://www.udayton.edu/learn/undergraduate/artssciences/","atlantic10","dayton","las"
"Duquesne University | Pittsburgh, PA","http://www.duq.edu","atlantic10","duquesne","home"
"Admissions and Aid | Duquesne University","http://www.duq.edu/admissions-and-aid","atlantic10","duquesne","admissions"
"Home | Palumbo Donahue School of Business | Duquesne University","http://www.duq.edu/academics/schools/business/","atlantic10","duquesne","business"
"Education | Duquesne University","http://www.duq.edu/academics/schools/education","atlantic10","duquesne","education"
"McAnulty College and Graduate School of Liberal Arts | Duquesne University","http://www.duq.edu/academics/schools/liberal-arts","atlantic10","duquesne","las"
"Fordham Homepage","http://www.fordham.edu","atlantic10","fordham","home"
"Admissions and Aid | Fordham","http://www.fordham.edu/admissions/","atlantic10","fordham","admissions"
"Gabelli School of Business | Fordham","http://www.fordham.edu/info/20447/gabelli_school_of_business","atlantic10","fordham","business"
"Graduate School of Education | Fordham","http://www.fordham.edu/academics/colleges__graduate_s/graduate__profession/education/","atlantic10","fordham","education"
"Graduate School of Arts and Sciences | Fordham","http://www.fordham.edu/academics/colleges__graduate_s/graduate__profession/arts__sciences/","atlantic10","fordham","las"
"The George Washington University","http://www.gwu.edu","atlantic10","george_washington","home"
"Undergraduate Admissions | The George Washington University","http://undergraduate.admissions.gwu.edu/","atlantic10","george_washington","admissions"
"George Washington University School of Business | At the Intersection of Business &amp; Society","http://business.gwu.edu","atlantic10","george_washington","business"
"SEAS | The George Washington University | The George Washington University","http://www.seas.gwu.edu","atlantic10","george_washington","engineering"
"Columbian College of Arts & Sciences | The George Washington University","http://columbian.gwu.edu","atlantic10","george_washington","las"
"La Salle University","http://www.lasalle.edu","atlantic10","la_salle","home"
"La Salle Undergrad Admission | Admission","http://www.lasalle.edu/admission/","atlantic10","la_salle","admissions"
"School of Business | La Salle University | Philadelphia, Pa.","http://www.lasalle.edu/schoolofbusiness/","atlantic10","la_salle","business"
"Untitled Document","http://www.lasalle.edu/schools/sas/","atlantic10","la_salle","las"
"Home | UMass Amherst","http://www.umass.edu","atlantic10","massachusetts","home"
"Undergraduate Admissions | UMass Amherst","http://www.umass.edu/admissions","atlantic10","massachusetts","admissions"
"Isenberg  School Of Management Home Page | Isenberg","http://www.isenberg.umass.edu","atlantic10","massachusetts","business"
"College of Education","http://www.umass.edu/education","atlantic10","massachusetts","education"
"College of Engineering | UMass Amherst","http://www.engineering.umass.edu","atlantic10","massachusetts","engineering"
"UMass HFA","http://www.umass.edu/hfa","atlantic10","massachusetts","las"
"University of Rhode Island | Think Big. We Do.","http://ww2.uri.edu","atlantic10","rhode_island","home"
"College of Engineering | Think Big. We Do.","http://egr.uri.edu","atlantic10","rhode_island","engineering"
"University of Richmond","http://www.richmond.edu","atlantic10","richmond","home"
"Admission &amp; Aid - University of Richmond","http://www.richmond.edu/admission","atlantic10","richmond","admissions"
"Robins School of Business - University of Richmond","http://robins.richmond.edu","atlantic10","richmond","business"
"School of Arts &amp; Sciences - University of Richmond","http://as.richmond.edu","atlantic10","richmond","las"
"Saint Joseph's University","http://www.sju.edu","atlantic10","saint_josephs","home"
"Meet Your Counselor | Saint Joseph&#039;s University","http://www.sju.edu/information/contact-admissions","atlantic10","saint_josephs","admissions"
"Haub Graduate Business Programs | Saint Josephs University, Philadelphia","http://www.sju.edu/int/academics/hsb/grad/","atlantic10","saint_josephs","business"
"Elementary Education Pre-K  4th BLS | Saint Joseph&#039;s University","http://www.sju.edu/majors-programs/adult-learner/bachelor-degrees/education","atlantic10","saint_josephs","education"
"Majors &amp; Programs | Saint Joseph&#039;s University","http://www.sju.edu/majors-programs","atlantic10","saint_josephs","las"
"St. Bonaventure University","http://www.sbu.edu","atlantic10","st_bonaventure","home"
"Admission and Aid | St. Bonaventure University","http://www.sbu.edu/admissions.aspx","atlantic10","st_bonaventure","admissions"
"School of Business | St. Bonaventure University","http://www.sbu.edu/business.aspx?id=5954","atlantic10","st_bonaventure","business"
"School of Education | St. Bonaventure University","http://www.sbu.edu/education.aspx?id=2304","atlantic10","st_bonaventure","education"
"School of Arts - Sciences | St. Bonaventure University","http://www.sbu.edu/artsandsciences.aspx?id=1728","atlantic10","st_bonaventure","las"
"Virginia Commonwealth University (VCU)","http://www.vcu.edu","atlantic10","virginia_commonwealth","home"
"Virginia Commonwealth University Undergraduate Admissions","http://www.ugrad.vcu.edu","atlantic10","virginia_commonwealth","admissions"
"Programs of study &ndash; VCU Undergraduate Admissions","http://www.ugrad.vcu.edu/academics/programs.html#business","atlantic10","virginia_commonwealth","business"
"Programs of study &ndash; VCU Undergraduate Admissions","http://www.ugrad.vcu.edu/academics/programs.html#soe","atlantic10","virginia_commonwealth","education"
"Programs of study &ndash; VCU Undergraduate Admissions","http://www.ugrad.vcu.edu/academics/programs.html#egr","atlantic10","virginia_commonwealth","engineering"
"Programs of study &ndash; VCU Undergraduate Admissions","http://www.ugrad.vcu.edu/academics/programs.html#has","atlantic10","virginia_commonwealth","las"
"Home : SLU","http://www.slu.edu","atlantic10","st_louis","home"
"Admissions : SLU","http://www.slu.edu/admission/","atlantic10","st_louis","admissions"
"John Cook School of Business","http://business.slu.edu/","atlantic10","st_louis","business"
"School of Education : Saint Louis University College of Public Service : SLU","http://www.slu.edu/school-of-education-home","atlantic10","st_louis","education"
"Parks College of Engineering, Aviation and Technology | Aviation & Engineering Degrees","http://parks.slu.edu/","atlantic10","st_louis","engineering"
"Saint Louis University College of Arts and Sciences : Saint Louis University College of Arts and Sciences : SLU","http://www.slu.edu/college-of-arts-and-sciences-home","atlantic10","st_louis","las"
"George Mason","http://www2.gmu.edu/","atlantic10","george_mason","home"
"Admissions and Aid | George Mason","http://www2.gmu.edu/admissions-aid","atlantic10","george_mason","admissions"
"George Mason University | School of Business","http://business.gmu.edu/","atlantic10","george_mason","business"
"College of Education and Human Development | George Mason University","http://cehd.gmu.edu/","atlantic10","george_mason","education"
"Volgenau School of Engineering","http://volgenau.gmu.edu/","atlantic10","george_mason","engineering"
"College of Humanities and Social Sciences","http://chss.gmu.edu/","atlantic10","george_mason","las"
"Davidson College - Davidson, NC","http://www.davidson.edu/","atlantic10","davidson_college","home"
"Admission &amp; Financial Aid - Davidson College","http://www.davidson.edu/admission-and-financial-aid","atlantic10","davidson_college","admissions"
"Economics Department - Davidson College","http://www.davidson.edu/academics/economics","atlantic10","davidson_college","econ"
"Educational Studies - Davidson College","http://www.davidson.edu/academics/educational-studies","atlantic10","davidson_college","education"
"Mathematics &amp; Computer Science - Davidson College","http://www.davidson.edu/academics/mathematics-and-computer-science","atlantic10","davidson_college","math_cs"
"Center for Interdisciplinary Studies - Davidson College","http://www.davidson.edu/academics/cis","atlantic10","davidson_college","cis"
"Home | University of Illinois Urbana-Champaign","http://illinois.edu","big10","illinois","home"
"University of Illinois Admissions","http://admissions.illinois.edu","big10","illinois","admissions"
"College of Business - University of Illinois","http://business.illinois.edu","big10","illinois","business"
"NO TITLE 159","http://education.illinois.edu","big10","illinois","education"
"Engineering at Illinois","http://engineering.illinois.edu","big10","illinois","engineering"
"College of LAS &laquo; Illinois","http://www.las.illinois.edu","big10","illinois","las"
"Indiana University Bloomington","http://www.indiana.edu","big10","indiana","home"
"Office of Admissions: Indiana University Bloomington","http://admit.indiana.edu","big10","indiana","admissions"
"Kelley School of Business:&#160;:&#160;Indiana University","http://kelley.iu.edu","big10","indiana","business"
"School of Education:&#160;Indiana University","http://education.indiana.edu","big10","indiana","education"
"School of Informatics and Computing:&#160;Indiana University","http://www.soic.indiana.edu","big10","indiana","engineering"
"College of Arts &amp; Sciences:&#160;Indiana University Bloomington","http://college.indiana.edu","big10","indiana","las"
"University of Minnesota Twin Cities","http://www1.umn.edu/twincities/index.html","big10","minnesota","home"
"Admissions - University of Minnesota Twin Cities","http://admissions.tc.umn.edu","big10","minnesota","admissions"
"Carlson School of Management","http://www.csom.umn.edu","big10","minnesota","business"
"College of Education &amp; Human Development | University of Minnesota","http://www.cehd.umn.edu","big10","minnesota","education"
"Home Page - College of Science and Engineering College of Science and Engineering","http://cse.umn.edu","big10","minnesota","engineering"
"College of Liberal Arts | University of Minnesota","http://www.cla.umn.edu","big10","minnesota","las"
"Northwestern University","http://www.northwestern.edu","big10","northwestern","home"
"Undergraduate Admissions - Northwestern University","http://www.ugadm.northwestern.edu","big10","northwestern","admissions"
"Kellogg School of Management | Northwestern University","http://www.kellogg.northwestern.edu","big10","northwestern","business"
"Northwestern University School of Education and Social Policy","http://www.sesp.northwestern.edu","big10","northwestern","education"
"Northwestern's McCormick School of Engineering","http://www.mccormick.northwestern.edu","big10","northwestern","engineering"
"Weinberg College of Arts and Sciences - Northwestern University","http://www.weinberg.northwestern.edu","big10","northwestern","las"
"Purdue University - Indiana's Land Grant University","http://www.purdue.edu","big10","purdue","home"
"Purdue University Undergraduate Admissions","http://www.admissions.purdue.edu","big10","purdue","admissions"
"Krannert School of Management - Purdue Krannert","http://www.krannert.purdue.edu","big10","purdue","business"
"Home | Purdue University College of Education","http://www.education.purdue.edu","big10","purdue","education"
"College of Engineering - Purdue University","http://engineering.purdue.edu","big10","purdue","engineering"
"Home // Purdue College of Liberal Arts","http://www.cla.purdue.edu","big10","purdue","las"
"Michigan State University. Est. 1855. East Lansing, Michigan, USA.","http://www.msu.edu","big10","msu","home"
"Office of Admissions | Michigan State University","http://admissions.msu.edu","big10","msu","admissions"
"Michigan State University - Eli Broad College of Business","http://broad.msu.edu","big10","msu","business"
"College of Education - Michigan State University","http://www.educ.msu.edu","big10","msu","education"
"College of Engineering, Michigan State University","http://www.egr.msu.edu","big10","msu","engineering"
"College of Arts and Letters - Michigan State University :: Home","http://www.cal.msu.edu","big10","msu","las"
"Welcome! - The Ohio State University","http://www.osu.edu","big10","osu","home"
"WILL IT BE YOU? - The Ohio State University","http://undergrad.osu.edu","big10","osu","admissions"
"College of Education and Human Ecology |","http://ehe.osu.edu","big10","osu","education"
"COLLEGE OF ENGINEERING","http://engineering.osu.edu","big10","osu","engineering"
"College of Arts and Sciences |","http://artsandsciences.osu.edu","big10","osu","las"
"Penn State-A Public Research University Serving Pennsylvania and the Global Community","http://www.psu.edu","big10","psu","home"
"Home - Undergraduate Admissions","http://admissions.psu.edu","big10","psu","admissions"
"Smeal College of Business  Penn State Smeal College of Business","http://www.smeal.psu.edu","big10","psu","business"
"Welcome  Penn State College of Education","http://www.ed.psu.edu/","big10","psu","education"
"Penn State Engineering","http://www.engr.psu.edu","big10","psu","engineering"
"College of the Liberal Arts","http://www.la.psu.edu","big10","psu","las"
"University of Michigan","http://www.umich.edu","big10","umich","home"
"Home | Undergraduate Admissions","http://www.admissions.umich.edu","big10","umich","admissions"
"Michigan Ross | University of Michigan&#039;s Ross School of Business","http://www.bus.umich.edu","big10","umich","business"
"| University of Michigan School of Education","http://www.soe.umich.edu","big10","umich","education"
"Welcome to Michigan Engineering | Michigan Engineering","http://www.engin.umich.edu","big10","umich","engineering"
"College of LSA | U-M LSA U-M College of LSA","http://www.lsa.umich.edu","big10","umich","las"
"The University of Iowa","http://www.uiowa.edu","big10","iowa","home"
"Undergraduate Admissions - The University of Iowa","http://admissions.uiowa.edu","big10","iowa","admissions"
"Tippie College of Business |","http://tippie.uiowa.edu","big10","iowa","business"
"College of Liberal Arts &amp; Sciences","http://clas.uiowa.edu","big10","iowa","las"
"College of Education","http://www.education.uiowa.edu","big10","iowa","education"
"College of Engineering | The University of Iowa","http://www.engineering.uiowa.edu","big10","iowa","engineering"
"Welcome to Nebraska | University of Nebraska&ndash;Lincoln","http://www.unl.edu","big10","nebraska","home"
"Admissions | Undergraduate Office of Admissions | University of Nebraska&#8211;Lincoln","http://admissions.unl.edu","big10","nebraska","admissions"
"CBA | UNL","http://cba.unl.edu","big10","nebraska","business"
"College of Education and Human Sciences | University of Nebraska&ndash;Lincoln","http://cehs.unl.edu","big10","nebraska","education"
"College of Engineering | University of Nebraska&ndash;Lincoln","http://engineering.unl.edu","big10","nebraska","engineering"
"College of Arts and Sciences","http://cas.unl.edu","big10","nebraska","las"
"University of WisconsinMadison","http://www.wisc.edu","big10","wisconsin","home"
"Welcome | Office of Admissions and Recruitment - University of Wisconsin-Madison","http://www.admissions.wisc.edu","big10","wisconsin","admissions"
"Wisconsin School of Business at the University of Wisconsin - Madison","http://bus.wisc.edu","big10","wisconsin","business"
"UW-Madison School of Education","http://www.education.wisc.edu","big10","wisconsin","education"
"Home - College of Engineering - University of Wisconsin-Madison","http://www.engr.wisc.edu","big10","wisconsin","engineering"
"College of Letters &amp; Science, University of Wisconsin-Madison","http://www.ls.wisc.edu","big10","wisconsin","las"
"The University of Maryland :: A Public Research University Advancing our State and the World","http://www.umd.edu","big10","maryland","home"
"Office of Undergraduate Admissions - University of Maryland","http://www.admissions.umd.edu","big10","maryland","admissions"
"Robert H. Smith School of Business, University of Maryland","http://www.rhsmith.umd.edu","big10","maryland","business"
"UMD College of Education: Home","http://www.education.umd.edu","big10","maryland","education"
"A. James Clark School of Engineering, University of Maryland","http://www.eng.umd.edu","big10","maryland","engineering"
"College of Arts &amp; Humanities","http://www.arhu.umd.edu","big10","maryland","las"
"Rutgers University | Rutgers University","http://www.rutgers.edu","big10","rutgers","home"
"Admissions | Rutgers University","http://www.rutgers.edu/admissions/","big10","rutgers","admissions"
"Academics | Rutgers Business School","http://business.rutgers.edu","big10","rutgers","business"
"Graduate School of Education","http://gse.rutgers.edu","big10","rutgers","education"
"Rutgers University School of Engineering |","http://www.soe.rutgers.edu","big10","rutgers","engineering"
"Arts and Sciences in Action","http://sas.rutgers.edu","big10","rutgers","las"
"Iowa State University","http://www.iastate.edu","big12","iowa_state","home"
"Iowa State University Admissions","http://www.admissions.iastate.edu","big12","iowa_state","admissions"
"College of Business &#124; Iowa State University","http://www.business.iastate.edu","big12","iowa_state","business"
"The College of Engineering at Iowa State University","http://www.engineering.iastate.edu","big12","iowa_state","engineering"
"College of Liberal Arts and Sciences","http://www.las.iastate.edu","big12","iowa_state","las"
"The University of Kansas","http://www.ku.edu","big12","kansas","home"
"Home | Undergraduate Admissions","http://admissions.ku.edu","big12","kansas","admissions"
"KU | School of Business","http://www.business.ku.edu","big12","kansas","business"
"Homepage | KU School of Education","http://www.soe.ku.edu","big12","kansas","education"
"School of Engineering | School of Engineering","http://www.engr.ku.edu","big12","kansas","engineering"
"Home - College of Liberal Arts &amp; Sciences | College of Liberal Arts & Sciences","http://www.clas.ku.edu","big12","kansas","las"
"Kansas State University","http://www.k-state.edu","big12","kansas_state","home"
"Admissions | Kansas State University","http://www.k-state.edu/admissions/","big12","kansas_state","admissions"
"College of Business Administration | Kansas State University","http://cba.k-state.edu","big12","kansas_state","business"
"College of Education | Kansas State University","http://coe.k-state.edu","big12","kansas_state","education"
"Home | College of Engineering | Kansas State University","http://www.engg.ksu.edu","big12","kansas_state","engineering"
"College of Arts and Sciences | Kansas State University","http://www.k-state.edu/artsci/","big12","kansas_state","las"
"The University of Oklahoma","http://www.ou.edu/","big12","oklahoma","home"
"Admissions & Aid","http://www.ou.edu/web/admissions_aid.html","big12","oklahoma","admissions"
"Price College of Business","http://www.ou.edu/price","big12","oklahoma","business"
"College of Education","http://www.ou.edu/education.html","big12","oklahoma","education"
"College of Engineering","http://www.ou.edu/coe/","big12","oklahoma","engineering"
"Home | College of Arts and Sciences | The University of Oklahoma","http://cas.ou.edu","big12","oklahoma","las"
"Oklahoma State University | America's Brightest Orange","http://go.okstate.edu","big12","oklahoma_state","home"
"Be an OSU Cowboy | Office of Undergraduate Admissions","http://admissions.okstate.edu","big12","oklahoma_state","admissions"
"Spears Business  The Power of Personal","http://spears.okstate.edu","big12","oklahoma_state","business"
"College of Education","http://education.okstate.edu","big12","oklahoma_state","education"
"College of Engineering, Architecture and Technology","http://www.ceat.okstate.edu","big12","oklahoma_state","engineering"
"Home Page","http://cas.okstate.edu","big12","oklahoma_state","las"
"The University of Texas at Austin","http://www.utexas.edu","big12","u_texas","home"
"Texas Admissions | Undergraduate admission, scholarships and financial aid at The University of Texas at Austin.","http://bealonghorn.utexas.edu","big12","u_texas","admissions"
"McCombs School of Business | The University of Texas at Austin","http://www.mccombs.utexas.edu","big12","u_texas","business"
"Homepage | College of Education | The University of Texas at Austin","http://www.edb.utexas.edu/education/","big12","u_texas","education"
"Home - Cockrell School of Engineering","http://www.engr.utexas.edu","big12","u_texas","engineering"
"UT College of Liberal Arts","http://www.utexas.edu/cola/","big12","u_texas","las"
"Texas Tech University | TTU","http://www.ttu.edu","big12","texas_tech","home"
"Go to Texas Tech | Undergraduate Admissions | TTU","http://www.depts.ttu.edu/admissions/","big12","texas_tech","admissions"
"Rawls College of Business :: RCOBA Home :: TTU","http://www.depts.ttu.edu/rawlsbusiness/","big12","texas_tech","business"
"College of Education | College of Education | TTU","http://www.depts.ttu.edu/education/","big12","texas_tech","education"
"Edward E. Whitacre Jr. College of Engineering | Whitacre College of Engineering | TTU","http://www.depts.ttu.edu/coe/","big12","texas_tech","engineering"
"College of Arts and Sciences | Arts &amp; Sciences | TTU","http://www.depts.ttu.edu/artsandsciences/","big12","texas_tech","las"
"NO TITLE 287","http://www.wvu.edu","big12","west_virgina","home"
"Undergraduate Admissions at West Virginia University","http://admissions.wvu.edu","big12","west_virgina","admissions"
"Overview","http://www.be.wvu.edu/students/","big12","west_virgina","business"
"Home | Statler College of Engineering and Mineral Resources | West Virginia University","http://www.statler.wvu.edu","big12","west_virgina","engineering"
"Home | Eberly College of Arts and Sciences | West Virginia University","http://eberly.wvu.edu","big12","west_virgina","las"
"Texas Christian University","http://tcu.edu","big12","tcu","home"
"Home - TCU - Neeley School of Business","http://neeley.tcu.edu","big12","tcu","business"
"TCU Addran - Welcome to the AddRan College of Liberal Arts.","http://addran.tcu.edu","big12","tcu","las"
"Cal Poly - Welcome to California Polytechnic State University, San Luis Obispo, California","http://www.calpoly.edu","bigwest","cal_poly","home"
"Home - Admissions - Cal Poly, San Luis Obispo","http://admissions.calpoly.edu","bigwest","cal_poly","admissions"
"Orfalea College of Business |","http://www.cob.calpoly.edu","bigwest","cal_poly","business"
"College of Engineering - Cal Poly, San Luis Obispo","http://ceng.calpoly.edu","bigwest","cal_poly","engineering"
"Welcome! - College of Liberal Arts - Cal Poly, San Luis Obispo","http://cla.calpoly.edu","bigwest","cal_poly","las"
"California State University, Fullerton","http://www.fullerton.edu","bigwest","cal_state_fullerton","home"
"Redirect","http://www.fullerton.edu/admissions/","bigwest","cal_state_fullerton","admissions"
"id="MainTitle">!Mihaylo College of Business and Economics","http://business.fullerton.edu","bigwest","cal_state_fullerton","business"
"College of Education | Choose CSU Fullerton&#039;s College of Education to Become a Teacher and earn your California Teaching Credential, a Master of Science in Education in several areas of study, or one of various career-enhancing Certificates or Authorizations","http://ed.fullerton.edu","bigwest","cal_state_fullerton","education"
"Engineering &amp; Computer Science - Engineering and Computer Science","http://www.fullerton.edu/ecs/","bigwest","cal_state_fullerton","engineering"
"California State University, Northridge","http://www.csun.edu","bigwest","cal_state_northridge","home"
"Admissions and Records | California State University, Northridge","http://www.csun.edu/anr/","bigwest","cal_state_northridge","admissions"
"David Nazarian College of Business and Economics | California State University, Northridge","http://www.csun.edu/busecon/","bigwest","cal_state_northridge","business"
"College of Education | California State University, Northridge","http://www.csun.edu/education/","bigwest","cal_state_northridge","education"
"College of Engineering &amp; Computer Science","http://www.ecs.csun.edu/ecsdean/","bigwest","cal_state_northridge","engineering"
"College of Humanities | California State University, Northridge College of Humanities","http://www.csun.edu/humanities/","bigwest","cal_state_northridge","las"
"University of Hawaii at Manoa","http://manoa.hawaii.edu","bigwest","hawaii","home"
"University of Hawaii at Mnoa - Admission","http://manoa.hawaii.edu/admissions/","bigwest","hawaii","admissions"
"Shidler College of Business","http://shidler.hawaii.edu","bigwest","hawaii","business"
"College of Education, The University of Hawaii at Mnoa","http://coe.hawaii.edu/","bigwest","hawaii","education"
"College of Engineering at the University of Hawaii at Mnoa | Re-Engineering for a Sustainable Future","http://www.eng.hawaii.edu","bigwest","hawaii","engineering"
"COLLEGES OF ARTS AND SCIENCES","http://artsci.manoa.hawaii.edu","bigwest","hawaii","las"
"California State University, Long Beach","http://www.csulb.edu","bigwest","longbeach_state","home"
"CSULB Enrollment Services","http://www.csulb.edu/depts/enrollment/","bigwest","longbeach_state","admissions"
"College of Business Administration","http://www.csulb.edu/colleges/cba/","bigwest","longbeach_state","business"
"College of Education | Equity and Excellence","http://www.ced.csulb.edu","bigwest","longbeach_state","education"
"College of Engineering (COE), California State University, Long Beach","http://www.csulb.edu/colleges/coe/","bigwest","longbeach_state","engineering"
"Welcome to the College of the Arts!","http://www.csulb.edu/colleges/cota/","bigwest","longbeach_state","las"
"UC Davis Graduate School of Management","http://gsm.ucdavis.edu/","bigwest","uc_davis","business"
"UC Davis School of Education - Integrating research and practice","http://education.ucdavis.edu/","bigwest","uc_davis","education"
"College of Engineering - College of Engineering UC Davis","http://engineering.ucdavis.edu/","bigwest","uc_davis","engineering"
"Home | College of Letters and Science","http://www.ls.ucdavis.edu/","bigwest","uc_davis","las"
"Home | UCI","http://uci.edu","bigwest","uc_irvine","home"
"UCI Admissions | Irvine, CA | UCI Admissions","http://www.admissions.uci.edu/","bigwest","uc_irvine","admissions"
"University of California, Irvine | The Paul Merage School of Business","http://merage.uci.edu/","bigwest","uc_irvine","business"
"Home | The Henry Samueli School of Engineering at UC Irvine","http://www.eng.uci.edu/","bigwest","uc_irvine","engineering"
"Home | UC Irvine School of Humanities","http://www.humanities.uci.edu/SOH/","bigwest","uc_irvine","las"
"UC Riverside: Home","http://www.ucr.edu","bigwest","uc_riverside","home"
"UCR SoBA: Home","http://soba.ucr.edu","bigwest","uc_riverside","business"
"Graduate School of Education | MEd, MA, PhD Degree Programs | UCR","http://education.ucr.edu","bigwest","uc_riverside","education"
"Bourns College of Engineering: Home","http://www.engr.ucr.edu","bigwest","uc_riverside","engineering"
"CHASS: CHASS Home","http://chass.ucr.edu","bigwest","uc_riverside","las"
"Home - University of California, Santa Barbara","http://www.ucsb.edu","bigwest","uc_santa_barbara","home"
"Home","http://admissions.sa.ucsb.edu","bigwest","uc_santa_barbara","admissions"
"The Gevirtz Graduate School of Education UC Santa Barbara | The Gevirtz School (GGSE) - UC Santa Barbara","http://education.ucsb.edu","bigwest","uc_santa_barbara","education"
"College of Engineering - UC Santa Barbara | | College of Engineering, UC Santa Barbara. The convergence of research and innovation.","http://engineering.ucsb.edu","bigwest","uc_santa_barbara","engineering"
"College of Letters and Science - UC Santa Barbara","http://www.ltsc.ucsb.edu","bigwest","uc_santa_barbara","las"
"DePaul University","http://www.depaul.edu","bigeast","depaul","home"
"Admission and Aid | DePaul University","http://www.depaul.edu/admission-and-aid/","bigeast","depaul","admissions"
"Driehaus College of Business | DePaul University","http://commerce.depaul.edu","bigeast","depaul","business"
"DePaul University College of Education","http://education.depaul.edu","bigeast","depaul","education"
"DePaul CDM - College of Computing and Digital Media","http://www.cdm.depaul.edu","bigeast","depaul","engineering"
"College of Liberal Arts and Social Sciences | DePaul University","http://las.depaul.edu","bigeast","depaul","las"
"Welcome Home! | Georgetown University","http://www.georgetown.edu","bigeast","georgetown","home"
"Admissions & Aid | Georgetown University","http://www.georgetown.edu/admissions/","bigeast","georgetown","admissions"
"Full-time & Evening MBA Programs | Georgetown University","http://msb.georgetown.edu/mba/","bigeast","georgetown","business"
"Georgetown College | Georgetown University","http://college.georgetown.edu","bigeast","georgetown","las"
"Marquette University // Be The Difference","http://www.marquette.edu","bigeast","marquette","home"
"Explore Marquette: Undergraduate Admissions //  Marquette University","http://www.marquette.edu/explore/","bigeast","marquette","admissions"
"College of Business Administration | Business | Marquette University","http://business.marquette.edu","bigeast","marquette","business"
"College of Education | Marquette University","http://www.marquette.edu/education/","bigeast","marquette","education"
"Opus  College of Engineering // Marquette University","http://www.marquette.edu/engineering/","bigeast","marquette","engineering"
"The Klingler College of Arts and Sciences // Marquette University","http://www.marquette.edu/as/","bigeast","marquette","las"
"Providence College","http://www.providence.edu","bigeast","providence","home"
"Admission - Undergraduate, Graduate or Continuing Education","http://www.providence.edu/admission/","bigeast","providence","admissions"
"Providence College School of Business - Providence College School of Business","http://www.providence.edu/business/","bigeast","providence","business"
"School of Arts &amp; Sciences","http://www.providence.edu/arts-sciences/","bigeast","providence","las"
"Seton Hall University, New Jersey","http://www.shu.edu","bigeast","setonhall","home"
"Applying to Seton Hall - Seton Hall University","http://www.shu.edu/applying/","bigeast","setonhall","admissions"
"Stillman School of Business - Seton Hall University","http://www.shu.edu/academics/business/","bigeast","setonhall","business"
"College of Education and Human Services  - Seton Hall University","http://www.shu.edu/academics/education/","bigeast","setonhall","education"
"College of Arts and Sciences - Seton Hall University","http://www.shu.edu/academics/artsci/index.cfm","bigeast","setonhall","las"
"Home | St. John&#039;s University","http://www.stjohns.edu","bigeast","st_johns","home"
"Undergraduate Admission | St. John&#039;s University","http://www.stjohns.edu/admission-aid/undergraduate-admission","bigeast","st_johns","admissions"
"The Peter J. Tobin College of Business | St. John&#039;s University","http://www.stjohns.edu/academics/schools-and-colleges/peter-j-tobin-college-business","bigeast","st_johns","business"
"The School of Education | St. John&#039;s University","http://www.stjohns.edu/academics/schools-and-colleges/school-education","bigeast","st_johns","education"
"St. John&#039;s College of Liberal Arts and Sciences | St. John&#039;s University","http://www.stjohns.edu/academics/schools-and-colleges/st-johns-college-liberal-arts-and-sciences","bigeast","st_johns","las"
"Villanova University","http://www.villanova.edu","bigeast","villanova","home"
"Admission, Office of","http://www1.villanova.edu/villanova/admission","bigeast","villanova","admissions"
"Villanova School of Business","http://www1.villanova.edu/villanova/business","bigeast","villanova","business"
"College of Engineering","http://www1.villanova.edu/villanova/engineering","bigeast","villanova","engineering"
"College of Liberal Arts and Sciences","http://www1.villanova.edu/villanova/artsci","bigeast","villanova","las"
"Creighton University","http://www.creighton.edu/","bigeast","creighton","home"
"Admissions | Creighton University","http://www.creighton.edu/admissions/","bigeast","creighton","admissions"
"Heider College of Business - Creighton University","http://business.creighton.edu/","bigeast","creighton","business"
"College of Arts and Sciences | Creighton University","http://www.creighton.edu/ccas/","bigeast","creighton","education"
"Xavier University - All for One. One For All.","http://www.xavier.edu","bigeast","xavier","home"
"Xavier University - Admission","http://www.xavier.edu/admission/","bigeast","xavier","admissions"
"Xavier University - Williams College of Business","http://www.xavier.edu/williams/","bigeast","xavier","business"
"Xavier University - College of Professional Sciences","http://www.xavier.edu/csshe/","bigeast","xavier","education"
"Xavier University - College of Arts and Sciences","http://www.xavier.edu/cas/","bigeast","xavier","las"
"Marshall University","http://www.marshall.edu","conferenceusa","marshall","home"
"Admissions | Marshall University","http://www.marshall.edu/admissions/","conferenceusa","marshall","admissions"
"Marshall University","http://muwww-new.marshall.edu/cob/","conferenceusa","marshall","business"
"Marshall University Professional Education Unit | Marshall University","http://www.marshall.edu/wpmu/peu/","conferenceusa","marshall","education"
"College of Information Technology and Engineering | Marshall University","http://www.marshall.edu/cite/","conferenceusa","marshall","engineering"
"College of Liberal Arts | Marshall University","http://www.marshall.edu/wpmu/cola/","conferenceusa","marshall","las"
"Rice University","http://www.rice.edu","conferenceusa","rice","home"
"Future Owls","http://futureowls.rice.edu/","conferenceusa","rice","admissions"
"Jones Graduate School of Business at Rice University","http://business.rice.edu","conferenceusa","rice","business"
"Rice University George R. Brown School of Engineering","http://engr.rice.edu","conferenceusa","rice","engineering"
"Rice University School of Humanities","http://humanities.rice.edu","conferenceusa","rice","las"
"The University of Southern Mississippi","http://www.usm.edu","conferenceusa","southern_miss","home"
"Undergraduate Admissions | The University of Southern Mississippi","http://www.usm.edu/admissions","conferenceusa","southern_miss","admissions"
"College of Business | The University of Southern Mississippi","http://www.usm.edu/business","conferenceusa","southern_miss","business"
"College of Education &amp; Psychology | The University of Southern Mississippi","http://www.usm.edu/education-psychology","conferenceusa","southern_miss","education"
"College of Science and Technology  | The University of Southern Mississippi","http://www.usm.edu/science-technology","conferenceusa","southern_miss","engineering"
"College of Arts &amp; Letters | The University of Southern Mississippi","http://www.usm.edu/arts-letters","conferenceusa","southern_miss","las"
"UAB - The University of Alabama at Birmingham - Home","http://www.uab.edu","conferenceusa","uab","home"
"UAB - Students - Admissions - Home","http://www.uab.edu/students/undergraduate-admissions/","conferenceusa","uab","admissions"
"UAB - Collat School of Business - Collat School of Business","http://www.uab.edu/business/","conferenceusa","uab","business"
"UAB - School of Education - Home","http://www.uab.edu/education/","conferenceusa","uab","education"
"UAB - School of Engineering - Home","http://www.uab.edu/engineering/","conferenceusa","uab","engineering"
"UAB - College of Arts and Sciences - Home - Home","http://www.uab.edu/cas/","conferenceusa","uab","las"
"The University of Texas at El Paso Home","http://utep.edu","conferenceusa","utep","home"
"UTEP Office of Admissions & Recruitment","http://academics.utep.edu/Default.aspx?tabid=69423","conferenceusa","utep","admissions"
"UTEP Business","http://business.utep.edu","conferenceusa","utep","business"
"College of Education","http://coe.utep.edu","conferenceusa","utep","education"
"Home | College of Engineering","http://engineering.utep.edu","conferenceusa","utep","engineering"
"UTEP Liberal Arts | Home","http://academics.utep.edu/Default.aspx?alias=academics.utep.edu/libarts","conferenceusa","utep","las"
"UNC Charlotte","http://www.uncc.edu","conferenceusa","charlotte","home"
"Admissions | UNC Charlotte","http://www.uncc.edu/landing/admissions","conferenceusa","charlotte","admissions"
"The Belk College of Business | Belk College of Business | UNC Charlotte","http://belkcollege.uncc.edu","conferenceusa","charlotte","business"
"The College of Education | College of Education | UNC Charlotte","http://education.uncc.edu","conferenceusa","charlotte","education"
"Welcome | The William States Lee College of Engineering | UNC Charlotte","http://coe.uncc.edu","conferenceusa","charlotte","engineering"
"News | College of Liberal Arts &amp; Sciences | UNC Charlotte","http://clas.uncc.edu","conferenceusa","charlotte","las"
"Home - Florida International University - FIU","http://www.fiu.edu/","conferenceusa","florida_int","home"
"Home - Florida International University - FIU","http://admissions.fiu.edu/","conferenceusa","florida_int","admissions"
"Welcome | College of Arts &amp; Sciences","http://cas.fiu.edu/","conferenceusa","florida_int","las"
"Florida International University - College of Education","http://education.fiu.edu/","conferenceusa","florida_int","education"
"Welcome to Florida Atlantic University","http://www.fau.edu/","conferenceusa","florida_atl","home"
"FAU - FAU Undergraduate Admissions","http://www.fau.edu/admissions/","conferenceusa","florida_atl","admissions"
"FAU - Home","http://www.fau.edu/artsandletters/","conferenceusa","florida_atl","las"
"FAU - Welcome to the FAU College of Education","http://www.coe.fau.edu/default.aspx","conferenceusa","florida_atl","education"
"Home - Louisiana Tech University","http://www.latech.edu/","conferenceusa","louisiana_tech","home"
"Home - Louisiana Tech University Office of Admissions","http://admissions.latech.edu","conferenceusa","louisiana_tech","admissions"
"Welcome to the College of Business!","http://business.latech.edu/","conferenceusa","louisiana_tech","business"
"Index of /education","http://www.latech.edu/education/","conferenceusa","louisiana_tech","education"
"College of Engineering &amp; Science Home - Louisiana Tech University College of Engineering &amp; Science","http://www.latech.edu/coes/","conferenceusa","louisiana_tech","engineering"
"College of Liberal Arts Home - Louisiana Tech University College of Liberal Arts","http://www.latech.edu/liberalarts/","conferenceusa","louisiana_tech","las"
"Middle Tennessee State University | Middle Tennessee State University","http://www.mtsu.edu","conferenceusa","middle_tn_u","home"
"How to Apply | Middle Tennessee State University","http://www.mtsu.edu/how-to-apply","conferenceusa","middle_tn_u","admissions"
"College of Liberal Arts | Middle Tennessee State University","http://www.mtsu.edu/liberalarts","conferenceusa","middle_tn_u","las"
"College of Education | Middle Tennessee State University","http://www.mtsu.edu/education","conferenceusa","middle_tn_u","education"
"Jennings A. Jones College of Business | Middle Tennessee State University","http://www.mtsu.edu/business","conferenceusa","middle_tn_u","business"
"University of North Texas | University of North Texas","http://www.unt.edu/","conferenceusa","north_tx","home"
"Admissions | University of North Texas","http://www.unt.edu/admissions.htm","conferenceusa","north_tx","admissions"
"College of Arts & Sciences","http://www.cas.unt.edu/","conferenceusa","north_tx","las"
"College of Education Home | UNT College of Education","http://www.coe.unt.edu/","conferenceusa","north_tx","education"
"ODU - Old Dominion University","http://odu.edu/#prospective","conferenceusa","old_dominion","home"
"Admission & Financial Aid - Old Dominion University","http://odu.edu/admission","conferenceusa","old_dominion","admissions"
"Strome College of Business - Old Dominion University","http://odu.edu/business","conferenceusa","old_dominion","business"
"Darden College of Education - Old Dominion University","http://odu.edu/education","conferenceusa","old_dominion","education"
"Batten College of Engineering & Technology - Old Dominion University","http://odu.edu/eng","conferenceusa","old_dominion","engineering"
"College of Arts & Letters - Old Dominion University","http://odu.edu/al","conferenceusa","old_dominion","las"
"Welcome to The University of Texas at San Antonio | UTSA","http://www.utsa.edu/","conferenceusa","u_tx_san_antonio","home"
"Admissions | UTSA | University of Texas at San Antonio","http://www.utsa.edu/admissions/","conferenceusa","old_dominion","admissions"
"UTSA College of Business | Undergraduate Programs, Top Ranked and Nationally Recognized MBA Program, and Distinguished Doctoral Programs.  Best MBA Program in Texas and the Southwest.","http://business.utsa.edu/","conferenceusa","old_dominion","business"
"UTSA College of Education","http://education.utsa.edu/","conferenceusa","old_dominion","education"
"Page Redirection","http://engineering.utsa.edu/","conferenceusa","old_dominion","engineering"
"UTSA College of Liberal and Fine Arts","http://colfa.utsa.edu/","conferenceusa","old_dominion","las"
"Brown University","http://www.brown.edu","ivy","brown","home"
"Admission | Brown University","http://www.brown.edu/admission","ivy","brown","admissions"
"Home | School of Engineering","http://brown.edu/academics/engineering/","ivy","brown","engineering"
"Home | The College","http://www.brown.edu/academics/college","ivy","brown","las"
"Columbia University in the City of New York","http://www.columbia.edu","ivy","columbia","home"
"Admissions | Columbia University in the City of New York","http://www.columbia.edu/content/admissions.html","ivy","columbia","admissions"
"Columbia Business School","http://www4.gsb.columbia.edu","ivy","columbia","business"
"The Fu Foundation School of Engineering &amp; Applied Science - Columbia University","http://www.engineering.columbia.edu","ivy","columbia","engineering"
"Columbia College","http://www.college.columbia.edu","ivy","columbia","las"
"Cornell University","http://www.cornell.edu","ivy","cornell","home"
"Admissions | Cornell University","http://www.cornell.edu/admissions/","ivy","cornell","admissions"
"Samuel Curtis Johnson Graduate School of Management at Cornell University","http://www.johnson.cornell.edu","ivy","cornell","business"
"Cornell College of Human Ecology","http://www.human.cornell.edu","ivy","cornell","education"
"Cornell Engineering: Engineering Home","http://www.engineering.cornell.edu","ivy","cornell","engineering"
"A&amp;S | Cornell University College of Arts and Sciences Cornell Arts & Sciences","http://as.cornell.edu","ivy","cornell","las"
"Dartmouth College","http://www.dartmouth.edu","ivy","dartmouth","home"
"Admissions","http://www.dartmouth.edu/admissions/","ivy","dartmouth","admissions"
"Tuck School of Business | Dartmouth College | MBA","http://www.tuck.dartmouth.edu","ivy","dartmouth","business"
"Thayer School of Engineering at Dartmouth","http://engineering.dartmouth.edu","ivy","dartmouth","engineering"
"Departments &amp; ProgramsArts &amp; Sciences | Dartmouth College","http://www.dartmouth.edu/home/academics/undergraduate_departments.html","ivy","dartmouth","las"
"Admissions | Harvard College","http://www.admissions.college.harvard.edu","ivy","harvard","admissions"
"Harvard Business School","http://www.hbs.edu","ivy","harvard","business"
"Harvard Graduate School of Education home","http://www.gse.harvard.edu","ivy","harvard","education"
"Harvard John A. Paulson School of Engineering and Applied Sciences |","http://www.seas.harvard.edu","ivy","harvard","engineering"
"Home | University of Pennsylvania","http://www.upenn.edu","ivy","pennsylvania","home"
"Admissions &amp; Aid | University of Pennsylvania","http://www.upenn.edu/admissions/","ivy","pennsylvania","admissions"
"Penn Engineering - Welcome to the School of Engineering and Applied Science (SEAS)","http://www.seas.upenn.edu","ivy","pennsylvania","engineering"
"University of Pennsylvania - College of Arts and Sciences","http://www.college.upenn.edu","ivy","pennsylvania","las"
"Princeton University - Home","http://www.princeton.edu/","ivy","princeton","home"
"Princeton University - Home","http://www.princeton.edu/main/","ivy","princeton","admissions"
"Princeton Engineering","http://www.princeton.edu/engineering/","ivy","princeton","engineering"
"Princeton University - Departments &amp; Programs","http://www.princeton.edu/main/academics/departments/","ivy","princeton","las"
"Yale School of Management | Educating Leaders for Business and Society","http://som.yale.edu/","ivy","yale","business"
"Yale School of Engineering &amp; Applied Science","http://seas.yale.edu","ivy","yale","engineering"
"Welcome | Yale College","http://yalecollege.yale.edu","ivy","yale","las"
"Welcome to Ohio University","http://www.ohio.edu/","midamerican","ohio","home"
"Undergraduate Admissions","http://www.ohio.edu/admissions/","midamerican","ohio","admissions"
"College of Arts &amp; Sciences","http://www.cas.ohiou.edu/","midamerican","ohio","business"
"Patton College of Education","http://www.cehs.ohio.edu/","midamerican","ohio","education"
"Bradley University: Home","http://www.bradley.edu/","missourivalley","bradley","home"
"Bradley University: Apply for Admission","http://www.bradley.edu/admissions/freshman/apply/","missourivalley","bradley","admissions"
"Bradley University: Foster College of Business","http://www.bradley.edu/academic/colleges/fcba/","missourivalley","bradley","business"
"Bradley University: College of Education and Health Sciences","http://www.bradley.edu/academic/colleges/ehs/","missourivalley","bradley","education"
"Bradley University: Caterpillar College of Engineering and Technology","http://www.bradley.edu/academic/colleges/egt/","missourivalley","bradley","engineering"
"Bradley University: College of Liberal Arts and Sciences","http://www.bradley.edu/academic/colleges/las/","missourivalley","bradley","las"
"Drake University","http://drake.edu","missourivalley","drake","home"
"Admission - Drake University","http://www.drake.edu/admission","missourivalley","drake","admissions"
"College of Business &amp; Public Administration - Drake University","http://www.drake.edu/cbpa","missourivalley","drake","business"
"School of Education - Drake University","http://www.drake.edu/soe/","missourivalley","drake","education"
"College of Arts &amp; Sciences - Drake University","http://www.drake.edu/artsci/","missourivalley","drake","las"
"University of Evansville","http://www.evansville.edu/","missourivalley","evansville","home"
"404 Not Found - University of Evansville","http://www.evansville.edu/guidelines/freshman.cfm","missourivalley","evansville","admissions"
"Schroeder School of Business - Schools and Colleges - University of Evansville","http://www.evansville.edu/schools/business.cfm","missourivalley","evansville","business"
"College of Education and Health Sciences - Schools and Colleges - University of Evansville","http://www.evansville.edu/schools/educationHealth.cfm","missourivalley","evansville","education"
"College of Engineering and Computer Science - Schools and Colleges - University of Evansville","http://www.evansville.edu/schools/engineering.cfm","missourivalley","evansville","engineering"
"William L. Ridgway College of Arts and Sciences - Schools and Colleges - University of Evansville","http://www.evansville.edu/schools/artsSciences.cfm","missourivalley","evansville","las"
"Illinois State University - Illinois first public university","http://illinoisstate.edu/","missourivalley","illinois_state","home"
"Apply to Illinois State | Admissions | Illinois State","http://admissions.illinoisstate.edu/apply/","missourivalley","illinois_state","admissions"
"College of Business","http://www.cob.ilstu.edu/","missourivalley","illinois_state","business"
"Home | College of Education - Illinois State","http://www.coe.ilstu.edu/","missourivalley","illinois_state","education"
"College of Applied Science and Technology - Illinois State","http://www.cast.ilstu.edu/","missourivalley","illinois_state","engineering"
"Home | College of Arts and Sciences - Illinois State","http://www.cas.ilstu.edu/","missourivalley","illinois_state","las"
"Indiana State University","http://www.indstate.edu/","missourivalley","indiana_state","home"
"Admissions | Indiana State University","http://www.indstate.edu/admissions/","missourivalley","indiana_state","admissions"
"Home | Scott College of Business","http://www.indstate.edu/business/","missourivalley","indiana_state","business"
"Home | Bayh College of Education","http://coe.indstate.edu/","missourivalley","indiana_state","education"
"Home | College of Technology","http://technology.indstate.edu/","missourivalley","indiana_state","engineering"
"Home | College of Arts and Sciences","http://www.indstate.edu/cas/","missourivalley","indiana_state","las"
"itemprop="name">Missouri State University","http://www.missouristate.edu/","missourivalley","missouri_state","home"
"Future Students - Missouri State University","http://www.missouristate.edu/futurestudents/","missourivalley","missouri_state","admissions"
"College of Business - Missouri State University","http://business.missouristate.edu/","missourivalley","missouri_state","business"
"College of Education - Missouri State University","http://education.missouristate.edu/","missourivalley","missouri_state","education"
"College of Natural and Applied Sciences - Missouri State University","http://cnas.missouristate.edu/","missourivalley","missouri_state","engineering"
"College of Arts and Letters - Missouri State University","http://coal.missouristate.edu/","missourivalley","missouri_state","las"
"University of Northern Iowa","http://www.uni.edu/","missourivalley","northern_iowa","home"
"Apply | Admissions","http://www.uni.edu/admissions/apply","missourivalley","northern_iowa","admissions"
"UNIBusiness - University of Northern Iowa - College of Business","http://business.uni.edu/","missourivalley","northern_iowa","business"
"UNI - College of Education","http://www.uni.edu/coe/","missourivalley","northern_iowa","education"
"College of Humanities, Arts and Sciences","http://www.uni.edu/chas/","missourivalley","northern_iowa","las"
"Southern Illinois University - Your College in Illinois","http://siu.edu","missourivalley","southern_illinois","home"
"SIU Undergraduate Admissions","http://admissions.siu.edu","missourivalley","southern_illinois","admissions"
"College of Business | SIU","http://www.business.siu.edu","missourivalley","southern_illinois","business"
"SIU - College of Education and Human Services","http://ehs.siu.edu","missourivalley","southern_illinois","education"
"SIU - College of Science","http://www.science.siu.edu","missourivalley","southern_illinois","engineering"
"SIU - College of Liberal Arts","http://cola.siu.edu","missourivalley","southern_illinois","las"
"Wichita State University, Wichita, Kansas","http://www.wichita.edu/thisis/","missourivalley","wichita_state","home"
"Admissions - Wichita State University, Wichita, Kansas","http://www.wichita.edu/thisis/admissions/admissions.asp","missourivalley","wichita_state","admissions"
"BARTON SCHOOL OF BUSINESS  - Home Page - Wichita State University, Kansas","http://webs.wichita.edu/?u=bartonbusiness&p=/homepage/","missourivalley","wichita_state","business"
"COLLEGE OF EDUCATION, Wichita State University, Wichita, Kansas","http://www.wichita.edu/thisis/academics/education/","missourivalley","wichita_state","education"
"COLLEGE OF ENGINEERING, Wichita State University, Wichita, Kansas","http://www.wichita.edu/thisis/academics/engineering/","missourivalley","wichita_state","engineering"
"LIBERAL ARTS AND SCIENCES, Wichita State University, Wichita, Kansas","http://www.wichita.edu/thisis/academics/las/","missourivalley","wichita_state","las"
"Loyola University: Loyola University Chicago","http://www.luc.edu/","missourivalley","loyola","home"
"Loyola University Chicago  Admission","http://www.luc.edu/admission.shtml","missourivalley","loyola","admissions"
"Quinlan School of Business: Loyola University Chicago","http://www.luc.edu/quinlan/","missourivalley","loyola","business"
"School of Education: Loyola University Chicago","http://www.luc.edu/education/index.shtml","missourivalley","loyola","education"
"College of Arts &amp; Sciences: Loyola University Chicago","http://www.luc.edu/cas/index.shtml","missourivalley","loyola","las"
"The University of Chicago","http://www.uchicago.edu","noconference","u_chicago","home"
"College Admissions | The University of Chicago","http://collegeadmissions.uchicago.edu","noconference","u_chicago","admissions"
"The University of Chicago Booth School of Business","http://www.chicagobooth.edu","noconference","u_chicago","business"
"Division of the Physical Sciences | The University of Chicago","http://psd.uchicago.edu","noconference","u_chicago","engineering"
"The College | The University of Chicago","http://college.uchicago.edu","noconference","u_chicago","las"
"MIT - Massachusetts Institute of Technology","http://www.mit.edu","noconference","mit","home"
"MIT Admissions","http://mitadmissions.org","noconference","mit","admissions"
"Build Leadership Skills | MIT Sloan School of Management","http://mitsloan.mit.edu","noconference","mit","business"
"Home | MIT School of Engineering","http://engineering.mit.edu","noconference","mit","engineering"
"MIT School of Humanities, Arts and Social Sciences","http://shass.mit.edu","noconference","mit","las"
"The University of Arizona, Tucson, Arizona","http://www.arizona.edu","pac12","arizona","home"
"How to Apply: Freshmen | UA Admissions","http://admissions.arizona.edu/freshmen","pac12","arizona","admissions"
"Eller College of Management | The University of Arizona","http://www.eller.arizona.edu","pac12","arizona","business"
"About the College | College of Education - University of Arizona","http://www.coe.arizona.edu/about","pac12","arizona","education"
"College of Engineering | University of Arizona","http://www.engineering.arizona.edu","pac12","arizona","engineering"
"Latin American Studies | Center for Latin American Studies","http://las.arizona.edu","pac12","arizona","las"
"Arizona State University | Ranked #1 university in the US for innovation | ASU","http://www.asu.edu","pac12","arizona_state","home"
"Apply to ASU | ASU Students Site","http://students.asu.edu/admission","pac12","arizona_state","admissions"
"W. P. Carey School of Business |","https://wpcarey.asu.edu","pac12","arizona_state","business"
"Home | ASU Engineering","http://engineer.asu.edu","pac12","arizona_state","engineering"
"Arts and Sciences | ASU Students Site","http://artsandsciences.asu.edu/","pac12","arizona_state","las"
"Home | University of California, Berkeley","http://berkeley.edu","pac12","california_berkeley","home"
"Admissions | UC Berkeley Office of Undergraduate Admissions","http://admissions.berkeley.edu","pac12","california_berkeley","admissions"
"Haas School of Business, University of California Berkeley","http://haas.berkeley.edu","pac12","california_berkeley","buisness"
"Berkeley Engineering","http://coe.berkeley.edu","pac12","california_berkeley","engineering"
"Home | University of Colorado Boulder","http://www.colorado.edu","pac12","colorado","home"
"Admissions | University of Colorado Boulder","http://www.colorado.edu/admissions/undergraduate/","pac12","colorado","admissions"
"Leeds School of Business | Leeds School of Business  | University of Colorado Boulder","http://leeds.colorado.edu","pac12","colorado","business"
"School of Education | University of Colorado Boulder","http://www.colorado.edu/education/","pac12","colorado","education"
"Home Page | College of Engineering and Applied Science | University of Colorado Boulder","http://www.colorado.edu/engineering/","pac12","colorado","engineering"
"Home | College of Arts &amp;amp; Sciences  | University of Colorado Boulder","http://www.colorado.edu/artssciences/","pac12","colorado","las"
"University of Oregon","http://uoregon.edu","pac12","u_oregon","home"
"Admissions |","http://admissions.uoregon.edu","pac12","u_oregon","admissions"
"Home | Lundquist College of Business","http://lcb.uoregon.edu","pac12","u_oregon","business"
"Home Page | College of Education","http://education.uoregon.edu","pac12","u_oregon","education"
"Oregon State University","http://oregonstate.edu","pac12","oregon_state","home"
"Office of Admissions | | Oregon State University","http://oregonstate.edu/admissions/","pac12","oregon_state","admissions"
"College of Business | | Oregon State University","http://business.oregonstate.edu","pac12","oregon_state","business"
"College of Education | Promoting lifelong learning | Oregon State University","http://education.oregonstate.edu","pac12","oregon_state","education"
"Home | College of Engineering | Oregon State University","http://engineering.oregonstate.edu","pac12","oregon_state","engineering"
"College of Liberal Arts | | Oregon State University","http://liberalarts.oregonstate.edu","pac12","oregon_state","las"
"Stanford University","http://www.stanford.edu","pac12","stanford","home"
"Admission | Stanford University","http://www.stanford.edu/admission","pac12","stanford","admissions"
"Home | Stanford Graduate School of Business","http://www.gsb.stanford.edu","pac12","stanford","business"
"Stanford Graduate School of Education","http://ed.stanford.edu","pac12","stanford","education"
"Stanford School of Humanities and Sciences","http://humsci.stanford.edu","pac12","stanford","las"
"UCLA","http://www.ucla.edu","pac12","ucla","home"
"UCLA Undergraduate Admission","http://www.admissions.ucla.edu","pac12","ucla","admissions"
"MBA, Executive MBA, Ph.D. and MFE Programs | UCLA Anderson School of Management","http://www.anderson.ucla.edu","pac12","ucla","business"
"Undergraduate Education | UCLA","http://www.ugeducation.ucla.edu","pac12","ucla","education"
"Engineering | School of Engineering and Applied Science","http://www.engineer.ucla.edu","pac12","ucla","engineering"
"UCLA College | University of California, Los Angeles","http://www.college.ucla.edu","pac12","ucla","las"
"University of Southern California","http://www.usc.edu","pac12","usc","home"
"USC Undergraduate Admission","http://www.usc.edu/admission/undergraduate/","pac12","usc","admissions"
"USC Marshall School of Business |","http://www.marshall.usc.edu","pac12","usc","business"
"Rossier School of Education","http://rossier.usc.edu","pac12","usc","education"
"USC - Viterbi School of Engineering - Home","http://viterbi.usc.edu","pac12","usc","engineering"
"USC Dana and David Dornsife College of Letters, Arts and Sciences","http://dornsife.usc.edu","pac12","usc","las"
"The University of Utah","http://www.utah.edu","pac12","utah","home"
"Home  - Office of Admissions - The University of Utah","http://admissions.utah.edu","pac12","utah","admissions"
"David Eccles School of Business at the University of Utah","http://www.business.utah.edu","pac12","utah","business"
"Home  - The College of Education - The University of Utah","http://education.utah.edu","pac12","utah","education"
"The College of Engineering at the University of Utah","http://www.coe.utah.edu","pac12","utah","engineering"
"Home  - College of Humanities - The University of Utah","http://www.hum.utah.edu","pac12","utah","las"
"UW Homepage","http://www.washington.edu","pac12","washington","home"
"Undergraduate Admissions | University of Washington","http://admit.washington.edu","pac12","washington","admissions"
"Welcome to the Michael G. Foster School of Business - Foster School of Business","http://www.foster.washington.edu","pac12","washington","business"
"Home | UW College of Education","http://education.washington.edu","pac12","washington","education"
"UW College of Engineering | UW College of Engineering","http://www.engr.washington.edu","pac12","washington","engineering"
"College of Arts and Sciences - University of Washington | &nbsp;","http://www.artsci.washington.edu","pac12","washington","las"
"Washington State University","http://wsu.edu","pac12","washington_state","home"
"Admissions | Washington State University","https://admission.wsu.edu","pac12","washington_state","admissions"
"Carson College of Business | Washington State University","http://www.business.wsu.edu","pac12","washington_state","business"
"College of Education | Washington State University","http://education.wsu.edu","pac12","washington_state","education"
"Voiland College of Engineering and Architecture | Washington State University","http://www.cea.wsu.edu","pac12","washington_state","engineering"
"College of Arts and Sciences | Washington State University","http://cas.wsu.edu","pac12","washington_state","las"
"The University of Alabama","http://ua.edu","sec","alabama","home"
"Undergraduate Admissions | The University of Alabama","http://gobama.ua.edu","sec","alabama","admissions"
"Culverhouse - Home Page","http://cba.ua.edu","sec","alabama","business"
"College of Education  Home - College of Education","http://education.ua.edu","sec","alabama","education"
"The University of Alabama College of Engineering","http://eng.ua.edu","sec","alabama","engineering"
"Arts &amp; Sciences &#8211; University of Alabama","http://as.ua.edu","sec","alabama","las"
"University of Arkansas","http://www.uark.edu/","sec","arkansas","home"
"Undergraduate Admissions | University of Arkansas","http://admissions.uark.edu","sec","arkansas","admissions"
"Sam M. Walton College of Business | University of Arkansas","http://waltoncollege.uark.edu","sec","arkansas","business"
"College of Education and Health Professions |                                     University of Arkansas","http://coehp.uark.edu","sec","arkansas","education"
"HOME | College of Engineering | University of Arkansas","http://www.engr.uark.edu","sec","arkansas","engineering"
"Home |          University of Arkansas","http://fulbright.uark.edu","sec","arkansas","las"
"Auburn University","http://auburn.edu","sec","auburn","home"
"Office of Undergraduate Admissions | Undergraduate Admissions","http://www.auburn.edu/admissions/","sec","auburn","admissions"
"Raymond J. Harbert College of Business | harbert.auburn.edu","http://business.auburn.edu","sec","auburn","business"
"Home - College of Education","http://www.education.auburn.edu","sec","auburn","education"
"Samuel Ginn College of Engineering","http://www.eng.auburn.edu","sec","auburn","engineering"
"Home Page - College of Liberal Arts - Auburn University","http://www.cla.auburn.edu/cla/","sec","auburn","las"
"University of Florida","http://www.ufl.edu","sec","florida","home"
"Admissions - University of Florida","http://www.admissions.ufl.edu","sec","florida","admissions"
"Warrington College of Business","http://warrington.ufl.edu","sec","florida","business"
"College of Education | University of Florida","http://education.ufl.edu","sec","florida","education"
"Herbert Wertheim College of Engineering &raquo; University of Florida","http://www.eng.ufl.edu","sec","florida","engineering"
"College of Liberal Arts and Sciences | The University of Florida","http://www.clas.ufl.edu","sec","florida","las"
"University Of Georgia","http://www.uga.edu","sec","georgia","home"
"UGA Undergraduate Admissions","http://www.admissions.uga.edu/","sec","georgia","admissions"
"Terry College of Business - University of Georgia","http://www.terry.uga.edu","sec","georgia","business"
"University of Georgia College of Education","http://coe.uga.edu","sec","georgia","education"
"UGA College of Engineering","http://engineering.uga.edu","sec","georgia","engineering"
"University of Kentucky","http://www.uky.edu","sec","kentucky","home"
"Welcome to UK! |  University of Kentucky Admissions","http://www.uky.edu/Admission/","sec","kentucky","admissions"
"Gatton College of Business and Economics","http://gatton.uky.edu","sec","kentucky","business"
"UK College of Education |","http://education.uky.edu","sec","kentucky","education"
"College of Engineering","http://www.engr.uky.edu","sec","kentucky","engineering"
"College of Arts &amp; Sciences","http://www.as.uky.edu","sec","kentucky","las"
"Louisiana State University","http://www.lsu.edu","sec","lsu","home"
"LSU Undergraduate Admissions ","http://www.lsu.edu/departments/admissions","sec","lsu","admissions"
"E.&nbsp;J. Ourso College of Business","http://business.lsu.edu/","sec","lsu","business"
"College of Human Sciences &amp; Education","http://chse.lsu.edu","sec","lsu","education"
"LSU College of Engineering","http://www.eng.lsu.edu","sec","lsu","engineering"
"Humanities &amp; Social Sciences","http://hss.lsu.edu","sec","lsu","las"
"Mississippi State University","http://www.msstate.edu","sec","mississippi_state","home"
"About MSU | Admissions","http://www.statement.msstate.edu","sec","mississippi_state","admissions"
"Home - College of Business - Mississippi State University","http://www.business.msstate.edu","sec","mississippi_state","business"
"Curriculum, Instruction, and Special Education at Mississippi State University","http://www.cise.msstate.edu","sec","mississippi_state","education"
"Bagley College of Engineering | Mississippi State University | Engineering Our State","http://www.engr.msstate.edu","sec","mississippi_state","engineering"
"Welcome to Mississippi State University College of Arts &amp; Sciences | Mississippi State University College of Arts &amp; Sciences","http://www.cas.msstate.edu","sec","mississippi_state","las"
"Mizzou // University of Missouri","http://www.missouri.edu","sec","missouri","home"
"Mizzou Admissions // University of Missouri","http://admissions.missouri.edu","sec","missouri","admissions"
"Trulaske College of Business // University of Missouri","http://business.missouri.edu","sec","missouri","business"
"College of Education // University of Missouri","http://education.missouri.edu","sec","missouri","education"
"University of Missouri - College of Engineering | Engineering // Mizzou // University of Missouri","http://engineering.missouri.edu","sec","missouri","engineering"
"College of Arts and Science | University of Missouri","http://coas.missouri.edu","sec","missouri","las"
"University of Mississippi","http://www.olemiss.edu","sec","ole_miss","home"
"Office of Admissions | University of Mississippi","http://www.olemiss.edu/admissions/","sec","ole_miss","admissions"
"School of Business | University of Mississippi","http://www.olemissbusiness.com","sec","ole_miss","business"
"School of Education | University of Mississippi","http://education.olemiss.edu","sec","ole_miss","education"
"College of Liberal Arts | University of Mississippi","http://www.olemiss.edu/libarts","sec","ole_miss","las"
"University of South Carolina","http://www.sc.edu","sec","south_carolina","home"
"Office of Undergraduate Admissions  - Office of Undergraduate Admissions | University of South Carolina","http://www.sc.edu/admissions/","sec","south_carolina","admissions"
"Darla Moore School of Business - University of South Carolina","http://www.moore.sc.edu","sec","south_carolina","business"
"College of Education - College of Education | University of South Carolina","http://www.ed.sc.edu","sec","south_carolina","education"
"College of Engineering and Computing - College of Engineering and Computing | University of South Carolina","http://www.engr.sc.edu","sec","south_carolina","engineering"
"Home | Arts &amp; Sciences | University of South Carolina","http://artsandsciences.sc.edu","sec","south_carolina","las"
"The University of Tennessee, Knoxville","http://www.utk.edu","sec","tennessee","home"
"The University of Tennessee, Knoxville | Admissions","http://www.utk.edu/admissions/","sec","tennessee","admissions"
"Haslam College of Business  | The University of Tennessee, Knoxville","http://haslam.utk.edu/","sec","tennessee","business"
"UT Knoxville | College of Engineering","http://www.engr.utk.edu","sec","tennessee","engineering"
"Texas A&amp;M University, College Station, TX","http://www.tamu.edu","sec","texas_a_and_m","home"
"Admissions - Texas A&amp;M University, College Station, TX","http://www.tamu.edu/admissions/","sec","texas_a_and_m","admissions"
"Mays Business School | Mays Business Schools mission is to create knowledge and develop ethical leaders for a global society.","http://mays.tamu.edu","sec","texas_a_and_m","business"
"Education and Human Development | College of","http://education.tamu.edu","sec","texas_a_and_m","education"
"College of Engineering","http://engineering.tamu.edu","sec","texas_a_and_m","engineering"
"College of Liberal Arts  Texas A&amp;M University","http://liberalarts.tamu.edu","sec","texas_a_and_m","las"
"Vanderbilt University | Nashville, Tennessee","http://www.vanderbilt.edu","sec","vanderbilt","home"
"Undergraduate Admissions | Vanderbilt University","http://admissions.vanderbilt.edu","sec","vanderbilt","admissions"
"Business School | MBA Program | Vanderbilt Owen Graduate School of Management | Nashville, Tennessee","http://www.owen.vanderbilt.edu/vanderbilt/","sec","vanderbilt","business"
"Peabody College of Education and Human Development|Vanderbilt University","http://peabody.vanderbilt.edu","sec","vanderbilt","education"
"School of Engineering|Vanderbilt University","http://engineering.vanderbilt.edu","sec","vanderbilt","engineering"
"College of Arts and Science | Vanderbilt University","http://as.vanderbilt.edu","sec","vanderbilt","las"
"New Mexico State University - All About Discovery!","http://www.nmsu.edu","wac","new_mexico_state","home"
"To Apply | Undergraduate Admissions | New Mexico State University","http://prospective.nmsu.edu/apply","wac","new_mexico_state","admissions"
"NMSU College of Business | New Mexico State University","http://business.nmsu.edu","wac","new_mexico_state","business"
"College of Education | New Mexico State University","http://education.nmsu.edu","wac","new_mexico_state","education"
"College of Engineering | New Mexico State University","http://engr.nmsu.edu","wac","new_mexico_state","engineering"
"NMSU College of Arts and Sciences","http://artsci.nmsu.edu","wac","new_mexico_state","las"
"Seattle University","http://www.seattleu.edu","wac","seattle","home"
"Admissions - Seattle University","https://www.seattleu.edu/admissions","wac","seattle","admissions"
"Albers School of Business and Economics - Seattle University","http://www.seattleu.edu/albers","wac","seattle","business"
"College of Science and Engineering - Seattle University","https://www.seattleu.edu/scieng/","wac","seattle","engineering"
"College of Arts and Sciences - Seattle University","https://www.seattleu.edu/artsci/","wac","seattle","las"
"California State University, Bakersfield","http://www.csub.edu/","wac","csu_bakersfield","home"
"Admissions &amp; Aid | California State University, Bakersfield","http://www.csub.edu/admissionsandaid","wac","csu_bakersfield","admissions"
"School of Arts and Humanities | California State University, Bakersfield","http://www.csub.edu/ah/","wac","csu_bakersfield","las"
"School of Business &amp; Public Administration | California State University, Bakersfield","http://www.csub.edu/bpa","wac","csu_bakersfield","business"
"Welcome to | CSU Home | Chicago State University","http://www.csu.edu/","wac","chicago_state","home"
"Home | Admissions | Chicago State University","http://www.csu.edu/admissions/","wac","chicago_state","admissions"
"Home | College of Business | Chicago State University","http://www.csu.edu/business/","wac","chicago_state","business"
"Home | College of Education | Chicago State University","http://www.csu.edu/collegeofeducation/","wac","chicago_state","education"
"Home | College of Arts and Sciences | Chicago State University","http://www.csu.edu/collegeofartsandsciences/","wac","chicago_state","las"
"University of Missouri - Kansas City","http://www.umkc.edu/","wac","u_mo_kc","home"
"UMKC Admissions | University of Missouri-Kansas City","http://www.umkc.edu/admissions/","wac","u_mo_kc","admissions"
"Henry W. Bloch School of Management at the University of Missouri-Kansas City","http://bloch.umkc.edu/","wac","u_mo_kc","business"
"School of Education | UMKC School of Education","http://education.umkc.edu/","wac","u_mo_kc","education"
"School of Computing and Engineering - UMKC","http://www.sce.umkc.edu/","wac","u_mo_kc","engineering"
"College of Arts &amp; Sciences | UMKC","http://cas.umkc.edu/","wac","u_mo_kc","las"
"University of Texas Rio Grande Valley","http://www.utrgv.edu/en-us/","wac","u_tx_rio_grande","home"
"UTRGV |                  UTRGV Undergraduate Admissions","http://www.utrgv.edu/undergraduate-admissions/index.htm","wac","u_tx_rio_grande","admissions"
"UTRGV |                  UTRGV College of Business &amp; Entrepreneurship","http://www.utrgv.edu/cobe/index.htm","wac","u_tx_rio_grande","business"
"UTRGV |                  UTRGV College of Education and P-16 Integration","http://www.utrgv.edu/cep/index.htm","wac","u_tx_rio_grande","education"
"UTRGV |                  College of Engineering and Computer Science","http://www.utrgv.edu/coec/index.htm","wac","u_tx_rio_grande","engineering"
"UTRGV - <system-page-title/>","http://www.utrgv.edu/en-us/academics/colleges/liberal-arts/index.htm","wac","u_tx_rio_grande","las"
"Utah Valley University | uvu.edu | UVU home page","http://www.uvu.edu/","wac","utah_valley","home"
"Getting Started | Getting Started at UVU | Home","http://www.uvu.edu/futurestudents/gettingstarted/","wac","utah_valley","admissions"
"Home | Woodbury School of Business | Woodbury School of Business | Home","http://www.uvu.edu/woodbury/","wac","utah_valley","business"
"School of Education | Home","http://www.uvu.edu/education/","wac","utah_valley","education"
"College of Technology and Computing | Home","http://www.uvu.edu/tc/","wac","utah_valley","tech"
"CHSS | College of Humanities and Social Science | Home","http://www.uvu.edu/chss/index.html","wac","utah_valley","las"
"Private Christian University | Grand Canyon University | GCU","http://www.gcu.edu/","wac","grand_canyon","home"
"Admission Requirements | Grand Canyon University","http://www.gcu.edu/admissions/requirements.php","wac","grand_canyon","admissions"
"Colangelo College of Business | Grand Canyon University","http://www.gcu.edu/colangelo-college-of-business.php","wac","grand_canyon","business"
"College of Education | Grand Canyon University","http://www.gcu.edu/college-of-education.php","wac","grand_canyon","education"
"College of Science, Engineering and Technology | GCU","http://www.gcu.edu/college-of-science-engineering-and-technology.php","wac","grand_canyon","engineering"
"College of Fine Arts and Production | GCU","http://www.gcu.edu/college-of-fine-arts-and-production.php","wac","grand_canyon","las"
"ERROR 0",http://www.commerce.virginia.edu
"ERROR 1",http://eng-cs.syr.edu
"ERROR 2",http://web.uri.edu/admission
"ERROR 3",http://web.uri.edu/business
"ERROR 4",http://web.uri.edu/ceps
"ERROR 5",http://web.uri.edu/artsci
"ERROR 6",https://business.osu.edu
"ERROR 7",http://www.baylor.edu
"ERROR 8",http://www.baylor.edu/admissions
"ERROR 9",http://www.baylor.edu/business
"ERROR 10",http://www.baylor.edu/soe
"ERROR 11",http://www.ecs.baylor.edu
"ERROR 12",http://www.baylor.edu/artsandsciences
"ERROR 13",http://admissions.tcu.edu
"ERROR 14",http://coe.tcu.edu
"ERROR 15",http:/cse.tcu.edu
"ERROR 16",http://hss.fullerton.edu/hss/
"ERROR 17",http://www.ucdavis.edu/
"ERROR 18",http://admissions.ucdavis.edu/
"ERROR 19",http://www.gse.uci.edu/
"ERROR 20",http://my.ucr.edu/admissions/
"ERROR 21",https://www.butler.edu
"ERROR 22",https://www.butler.edu/admission/
"ERROR 23",https://www.butler.edu/cob/
"ERROR 24",https://www.butler.edu/coe/
"ERROR 25",https://www.butler.edu/las/
"ERROR 26",http://www.harvard.edu
"ERROR 27",http://www.gsas.harvard.edu
"ERROR 28",https://www.wharton.upenn.edu
"ERROR 29",http://www.yale.edu
"ERROR 30",http://www.yale.edu/admissions/
"ERROR 31",
"ERROR 32",https://education.asu.edu
"ERROR 33",https://gse.berkeley.edu
"ERROR 34",https://ls.berkeley.edu
"ERROR 35",http://cas.uoregon.edu
"ERROR 36",http://engineering.stanford.edu
"ERROR 37",http://www.franklin.uga.edu
"ERROR 38",http://www.engineering.olemiss.edu
"ERROR 39",http://cehhs.utk.edu
"ERROR 40",http://artsci.utk.edu
"ERROR 41",http://www.seattleu.edu/coe
