"Home | University of Illinois Urbana-Champaign","http://illinois.edu","big10","illinois"
"University of Illinois Admissions","http://admissions.illinois.edu","big10","illinois"
"College of Business - University of Illinois","http://business.illinois.edu","big10","illinois"
"College Home | College of Education | U of I","http://education.illinois.edu","big10","illinois"
"Engineering at Illinois","http://engineering.illinois.edu","big10","illinois"
"College of LAS &laquo; Illinois","http://www.las.illinois.edu","big10","illinois"
"Indiana University Bloomington","http://www.indiana.edu","big10","indiana"
"Office of Admissions: Indiana University Bloomington","http://admit.indiana.edu","big10","indiana"
"Kelley School of Business: Indiana University","http://kelley.iu.edu","big10","indiana"
"School of Education:&#160;Indiana University","http://education.indiana.edu","big10","indiana"
"School of Informatics and Computing:&#160;Indiana University","http://www.soic.indiana.edu","big10","indiana"
"College of Arts and Sciences","http://college.indiana.edu","big10","indiana"
"University of Minnesota Twin Cities","http://www1.umn.edu/twincities/index.html","big10","minnesota"
"Admissions - University of Minnesota Twin Cities","http://admissions.tc.umn.edu","big10","minnesota"
"Carlson School of Management","http://www.csom.umn.edu","big10","minnesota"
"College of Education &amp; Human Development | University of Minnesota","http://www.cehd.umn.edu","big10","minnesota"
"College of Science and Engineering","http://cse.umn.edu","big10","minnesota"
"College of Liberal Arts | University of Minnesota","http://www.cla.umn.edu","big10","minnesota"
"Northwestern University","http://www.northwestern.edu","big10","northwestern"
"Office of Undergraduate Admission - Northwestern University","http://www.ugadm.northwestern.edu","big10","northwestern"
"Kellogg School of Management | Northwestern University","http://www.kellogg.northwestern.edu","big10","northwestern"
"School of Education &amp; Social Policy :: Northwestern University","http://www.sesp.northwestern.edu","big10","northwestern"
"Northwestern's McCormick School of Engineering","http://www.mccormick.northwestern.edu","big10","northwestern"
"Weinberg College of Arts and Sciences - Northwestern University","http://www.weinberg.northwestern.edu","big10","northwestern"
"Indiana's Land Grant University - Purdue University","http://www.purdue.edu","big10","purdue"
"Purdue University :: Undergraduate Admissions","http://www.admissions.purdue.edu","big10","purdue"
"Welcome - Purdue Krannert","http://www.krannert.purdue.edu","big10","purdue"
"College of Education | Purdue University","http://www.education.purdue.edu","big10","purdue"
"College of Engineering - Purdue University","https://engineering.purdue.edu","big10","purdue"
"College of Liberal Arts : Purdue University","http://www.cla.purdue.edu","big10","purdue"
"Michigan State University. Est. 1855. East Lansing, Michigan, USA.","http://www.msu.edu","big10","msu"
"Home | Michigan State University Office of Admissions","https://admissions.msu.edu","big10","msu"
"Michigan State University - Eli Broad College of Business","http://broad.msu.edu","big10","msu"
"College of Education - Michigan State University","http://www.educ.msu.edu","big10","msu"
"College of Engineering, Michigan State University","http://www.egr.msu.edu","big10","msu"
"College of Arts and Letters - Michigan State University :: Home","http://www.cal.msu.edu","big10","msu"
"Welcome - The Ohio State University","http://www.osu.edu","big10","osu"
"Undergraduate Admissions - Ohio State University","http://undergrad.osu.edu","big10","osu"
"Fisher College of Business | The Ohio State University","http://business.osu.edu","big10","osu"
"Education &amp; Human Ecology","http://ehe.osu.edu","big10","osu"
"COLLEGE OF ENGINEERING","http://engineering.osu.edu","big10","osu"
"Arts and Sciences","http://artsandsciences.osu.edu","big10","osu"
"Penn State-A Public Research University Serving Pennsylvania and the Global Community","http://www.psu.edu","big10","psu"
"Home - Undergraduate Admissions","http://admissions.psu.edu","big10","psu"
"Smeal College of Business  Penn State Smeal College of Business","http://www.smeal.psu.edu","big10","psu"
"Welcome  Penn State College of Education","http://www.ed.psu.edu/","big10","psu"
"Penn State College of Engineering","http://www.engr.psu.edu","big10","psu"
"College of the Liberal Arts","http://www.la.psu.edu","big10","psu"
"University of Michigan","http://www.umich.edu","big10","umich"
"Home | Undergraduate Admissions","http://www.admissions.umich.edu","big10","umich"
"Michigan Ross | University of Michigan&#039;s Ross School of Business","http://www.bus.umich.edu","big10","umich"
"University of Michigan School of Education","http://www.soe.umich.edu","big10","umich"
"Welcome to Michigan Engineering | Michigan Engineering","http://www.engin.umich.edu","big10","umich"
"College of Literature, Science, and the Arts | University of Michigan","http://www.lsa.umich.edu","big10","umich"
"The University of Iowa","http://www.uiowa.edu","big10","iowa"
"Undergraduate Admissions - The University of Iowa","http://admissions.uiowa.edu","big10","iowa"
"The Henry B. Tippie College of Business at The University of Iowa","http://tippie.uiowa.edu","big10","iowa"
"College of Liberal Arts &amp; Sciences","http://clas.uiowa.edu","big10","iowa"
"Home - College of Education - University of Iowa","http://www.education.uiowa.edu","big10","iowa"
"College of Engineering | The University of Iowa","http://www.engineering.uiowa.edu","big10","iowa"
"University of Nebraska&ndash;Lincoln","http://www.unl.edu","big10","nebraska"
"Admissions | Undergraduate Office of Admissions | University of Nebraska&#8211;Lincoln","http://admissions.unl.edu","big10","nebraska"
"CBA | UNL","http://cba.unl.edu","big10","nebraska"
"College of Education and Human Sciences | University of Nebraska&ndash;Lincoln","http://cehs.unl.edu","big10","nebraska"
"College of Engineering | University of Nebraska&ndash;Lincoln","http://engineering.unl.edu","big10","nebraska"
"College of Arts &amp; Sciences","http://cas.unl.edu","big10","nebraska"
"University of WisconsinMadison","http://www.wisc.edu","big10","wisconsin"
"Welcome | Office of Admissions and Recruitment - University of Wisconsin-Madison","http://www.admissions.wisc.edu","big10","wisconsin"
"Wisconsin School of Business at the University of Wisconsin - Madison","http://bus.wisc.edu","big10","wisconsin"
"UW-Madison School of Education","http://www.education.wisc.edu","big10","wisconsin"
"Home, College of Engineering @ The University of Wisconsin-Madison, initiatives in energy, health, nanotechnology, security, and information technology","http://www.engr.wisc.edu","big10","wisconsin"
"College of Letters &#38; Science, University of Wisconsin&ndash;Madison","http://www.ls.wisc.edu","big10","wisconsin"
"The University of Maryland :: A Public Research University Advancing our State and the World","http://www.umd.edu","big10","maryland"
"Office of Undergraduate Admissions - University of Maryland","http://www.admissions.umd.edu","big10","maryland"
"Robert H. Smith School of Business, University of Maryland","http://www.rhsmith.umd.edu","big10","maryland"
"UM CoE: Home","http://www.education.umd.edu","big10","maryland"
"A. James Clark School of Engineering, University of Maryland","http://www.eng.umd.edu","big10","maryland"
"College of Arts &amp; Humanities","http://www.arhu.umd.edu","big10","maryland"
"Rutgers University","http://www.rutgers.edu","big10","rutgers"
"Applying to Rutgers | Rutgers University","http://www.rutgers.edu/admissions/","big10","rutgers"
"Academics | Rutgers Business School","http://business.rutgers.edu","big10","rutgers"
"Graduate School of Education","http://gse.rutgers.edu","big10","rutgers"
"Rutgers University School of Engineering","http://www.soe.rutgers.edu","big10","rutgers"
"Welcome | School of Arts and Sciences, Rutgers University","http://sas.rutgers.edu","big10","rutgers"
"The University of Arizona, Tucson, Arizona","http://www.arizona.edu","pac12","arizona"
"INCOMING FRESHMEN | University of Arizona Admissions","http://admissions.arizona.edu/freshmen","pac12","arizona"
"Eller College of Management | The University of Arizona","http://www.eller.arizona.edu","pac12","arizona"
"About the College | College of Education","https://www.coe.arizona.edu/about","pac12","arizona"
"Welcome | UA College of Engineering","http://www.engineering.arizona.edu","pac12","arizona"
"Center for Latin American Studies","http://las.arizona.edu","pac12","arizona"
"Arizona State University | A top ranked research university | ASU","http://www.asu.edu","pac12","arizona_state"
"Apply to ASU | ASU Students Site","https://students.asu.edu/admission","pac12","arizona_state"
"Business Schools Arizona | WP Carey School of Business at ASU","http://wpcarey.asu.edu","pac12","arizona_state"
"ASU Mary Lou Fulton Teachers College | Each child deserves an excellent teacher.","http://education.asu.edu","pac12","arizona_state"
"Home | ASU Engineering","http://engineer.asu.edu","pac12","arizona_state"
"Home | University of California, Berkeley","http://berkeley.edu","pac12","california_berkeley"
"Admissions | UC Berkeley Office of Undergraduate Admissions","http://admissions.berkeley.edu","pac12","california_berkeley"
"Haas School of Business, University of California Berkeley","http://haas.berkeley.edu/","pac12","california_berkeley"
"UC Berkeley - Graduate School of Education","http://gse.berkeley.edu/","pac12","california_berkeley"
"Berkeley Engineering","http://coe.berkeley.edu/","pac12","california_berkeley"
"College of Letters &amp; Science","http://ls.berkeley.edu/","pac12","california_berkeley"
"University of Colorado Boulder","http://www.colorado.edu","pac12","colorado"
"Undergraduate Admissions | CU-Boulder","http://www.colorado.edu/admissions/undergraduate/","pac12","colorado"
"Home | Leeds School of Business | University of Colorado Boulder","http://leeds.colorado.edu","pac12","colorado"
"School of Education | University of Colorado Boulder","http://www.colorado.edu/education/","pac12","colorado"
"Home Page | College of Engineering and Applied Science | University of Colorado Boulder","http://www.colorado.edu/engineering/","pac12","colorado"
"University of Colorado &#8211; College of Arts &amp; Sciences","http://www.colorado.edu/artssciences/","pac12","colorado"
"University of Oregon","http://uoregon.edu","pac12","u_oregon"
"UO Admissions | Admissions","http://admissions.uoregon.edu","pac12","u_oregon"
"Home | Lundquist College of Business","http://lcb.uoregon.edu","pac12","u_oregon"
"Home Page | College of Education","https://education.uoregon.edu","pac12","u_oregon"
"The College of Arts and Sciences at the University of Oregon","http://cas.uoregon.edu","pac12","u_oregon"
"Oregon State University","http://oregonstate.edu","pac12","oregon_state"
"Home | Office of Admissions | Oregon State University","http://oregonstate.edu/admissions/","pac12","oregon_state"
"Home | College of Business | Oregon State University","http://business.oregonstate.edu","pac12","oregon_state"
"Home | College of Education | Oregon State University","http://education.oregonstate.edu","pac12","oregon_state"
"Home | College of Engineering | Oregon State University","http://engineering.oregonstate.edu","pac12","oregon_state"
"Home | College of Liberal Arts | Oregon State University","http://liberalarts.oregonstate.edu","pac12","oregon_state"
"Stanford University","http://www.stanford.edu","pac12","stanford"
"Undergraduate Admission : Stanford University","http://admission.stanford.edu","pac12","stanford"
"Home | Stanford Graduate School of Business","http://www.gsb.stanford.edu","pac12","stanford"
"Stanford Graduate School of Education","http://ed.stanford.edu","pac12","stanford"
"Stanford School of Engineering | Engineering","http://engineering.stanford.edu","pac12","stanford"
"Stanford School of Humanities and Sciences","http://humsci.stanford.edu","pac12","stanford"
"UCLA","http://www.ucla.edu","pac12","ucla"
"UCLA Undergraduate Admission","http://www.admissions.ucla.edu","pac12","ucla"
"MBA, Executive MBA, Ph.D. and MFE Programs | UCLA Anderson School of Management","http://www.anderson.ucla.edu","pac12","ucla"
"Undergraduate Education | UCLA","http://www.ugeducation.ucla.edu","pac12","ucla"
"Engineering | School of Engineering and Applied Science","http://www.engineer.ucla.edu","pac12","ucla"
"UCLA College | University of California, Los Angeles","http://www.college.ucla.edu","pac12","ucla"
"University of Southern California","http://www.usc.edu","pac12","usc"
"USC Undergraduate Admission","http://www.usc.edu/admission/undergraduate/","pac12","usc"
"USC Marshall School of Business |","http://www.marshall.usc.edu","pac12","usc"
"Rossier School of Education | USC","http://rossier.usc.edu","pac12","usc"
"USC - Viterbi School of Engineering - Home","http://viterbi.usc.edu","pac12","usc"
"USC Dana and David Dornsife College of Letters, Arts and Sciences","http://dornsife.usc.edu","pac12","usc"
"The University of Utah","http://www.utah.edu","pac12","utah"
"The University of Utah","http://admissions.utah.edu","pac12","utah"
"David Eccles School of Business","http://www.business.utah.edu","pac12","utah"
"Home  - The College of Education at The University of Utah","http://education.utah.edu","pac12","utah"
"The College of Engineering at the University of Utah","http://www.coe.utah.edu","pac12","utah"
"Home  - College of Humanities - The University of Utah","http://www.hum.utah.edu","pac12","utah"
"UW Homepage","http://www.washington.edu","pac12","washington"
"Undergraduate Admissions | University of Washington","http://admit.washington.edu","pac12","washington"
"Welcome to the Michael G. Foster School of Business - Foster School of Business","http://www.foster.washington.edu","pac12","washington"
"Home | UW College of Education","http://education.washington.edu","pac12","washington"
"UW College of Engineering | UW College of Engineering","http://www.engr.washington.edu","pac12","washington"
"College of Arts and Sciences - University of Washington | &nbsp;","http://www.artsci.washington.edu","pac12","washington"
"Washington State University","http://www.wsu.edu","pac12","washington_state"
"Admissions - Admissions - Washington State University","http://admission.wsu.edu","pac12","washington_state"
"Home - Carson College of Business Carson College of Business | Washington State University","http://www.business.wsu.edu","pac12","washington_state"
"WSU College of Education","http://education.wsu.edu","pac12","washington_state"
"Voiland College of Engineering and Architecture | Washington State University","http://www.cea.wsu.edu","pac12","washington_state"
"College of Arts and Sciences - Washington State University","http://cas.wsu.edu","pac12","washington_state"
"Boston College","http://www.bc.edu","acc","boston_college"
"Admission Options - Admission Offices - Boston College","http://www.bc.edu/content/bc/admission.html","acc","boston_college"
"Carroll School of Management - Boston College","http://www.bc.edu/content/bc/schools/csom.html","acc","boston_college"
"Lynch School of Education","http://www.bc.edu/schools/lsoe/","acc","boston_college"
"Morrissey College of Arts and Sciences - Boston College","http://www.bc.edu/schools/cas/","acc","boston_college"
"Clemson University, South Carolina","http://www.clemson.edu","acc","clemson"
"Admissions | Clemson University, South Carolina","http://www.clemson.edu/admissions/","acc","clemson"
"College of Business and Behavioral Science |  College of Business and Behavioral Science, Clemson University, South Carolina","http://www.clemson.edu/cbbs/","acc","clemson"
"College of Health, Education and Human Development | The Collge of Health, Education and Human Development","http://www.clemson.edu/hehd/","acc","clemson"
"Home |  College of Engineering and Science | Clemson University, South Carolina","http://www.clemson.edu/ces/","acc","clemson"
"Home | College of Architecture, Arts and Humanities | Clemson University, South Carolina","http://www.clemson.edu/caah/","acc","clemson"
"Duke University","http://www.duke.edu","acc","duke"
"Duke University","http://admit.duke.edu","acc","duke"
"Duke University's Fuqua School of Business - Duke's Fuqua School of Business","http://www.fuqua.duke.edu","acc","duke"
"Duke Engineering | Duke Pratt School of Engineering","http://www.pratt.duke.edu","acc","duke"
"Trinity College of Arts & Sciences","http://trinity.duke.edu","acc","duke"
"Florida State University","http://www.fsu.edu","acc","florida_state"
"FSU Admissions","http://admissions.fsu.edu","acc","florida_state"
"Home","http://www.cob.fsu.edu","acc","florida_state"
"FSU - College of Education","http://www.coe.fsu.edu","acc","florida_state"
"FAMU-FSU College of Engineering :: Welcome","http://www.eng.fsu.edu","acc","florida_state"
"Arts and Sciences / FSU - College of Arts and Sciences","http://artsandsciences.fsu.edu","acc","florida_state"
"GT | Georgia Institute of Technology - Welcome","http://www.gatech.edu","acc","georgia_tech"
"Admission | Georgia Tech Admissions for undergraduate students","http://www.admission.gatech.edu","acc","georgia_tech"
"Georgia Tech College of Business: Business Management &amp; Administration School | Georgia Tech","http://scheller.gatech.edu","acc","georgia_tech"
"College of Engineering","http://www.coe.gatech.edu","acc","georgia_tech"
"Ivan Allen College of Liberal Arts","http://www.iac.gatech.edu","acc","georgia_tech"
"University of Miami","http://www.miami.edu","acc","miami_of_florida"
"Undergraduate Admission | Enrollment Management","http://www.miami.edu/admission/index.php/undergraduate_admission/","acc","miami_of_florida"
"Home : University of Miami School of Business","http://www.bus.miami.edu","acc","miami_of_florida"
"University of Miami - SCHOOL OF EDUCATION - Miami, FL","http://www.education.miami.edu","acc","miami_of_florida"
"NO TITLE 186","http://www.miami.edu/coe/index.php/coe/","acc","miami_of_florida"
"College of Arts and Sciences - University of Miami - Home","http://www.as.miami.edu","acc","miami_of_florida"
"The University of North Carolina at Chapel Hill -","http://www.unc.edu","acc","north_carolina"
"University of North Carolina at Chapel Hill | Office of Undergraduate Admissions","http://admissions.unc.edu","acc","north_carolina"
"UNC Kenan-Flagler Business School - Top MBA Program - Top MBA School","http://www.kenan-flagler.unc.edu","acc","north_carolina"
"UNC School of Education","http://soe.unc.edu","acc","north_carolina"
"College of Arts and Sciences","http://college.unc.edu","acc","north_carolina"
"NC State University","http://www.ncsu.edu","acc","north_carolina_state"
"Office of Undergraduate Admissions at North Carolina State University","http://admissions.ncsu.edu","acc","north_carolina_state"
"Poole College of Management at North Carolina State University","http://poole.ncsu.edu/index.php","acc","north_carolina_state"
"Home | NC State College of Education","http://ced.ncsu.edu","acc","north_carolina_state"
"College of Engineering :: North Carolina State University","http://www.engr.ncsu.edu","acc","north_carolina_state"
"College of Humanities and Social Sciences - NC State University","http://www.chass.ncsu.edu/index.php","acc","north_carolina_state"
"The University of Virginia","http://www.virginia.edu","acc","virginia"
"Office of Undergraduate Admission |","http://www.admission.virginia.edu","acc","virginia"
"UVA McIntire School of Commerce","http://www.commerce.virginia.edu/","acc","virginia"
"Home - Curry School of Education","http://curry.virginia.edu","acc","virginia"
"U.Va. School of Engineering and Applied Science","http://www.seas.virginia.edu","acc","virginia"
"College and Graduate School of Arts and Sciences, University of Virginia |","http://artsandsciences.virginia.edu","acc","virginia"
"Virginia Tech | Invent the Future | Virginia Tech","http://www.vt.edu","acc","virginia_tech"
"Home | Undergraduate Admissions | Virginia Tech","http://www.admiss.vt.edu","acc","virginia_tech"
"Pamplin College of Business","http://www.pamplin.vt.edu","acc","virginia_tech"
"www.eng.vt.edu |","http://www.eng.vt.edu","acc","virginia_tech"
"College of Liberal Arts and Human Sciences | Virginia Tech","http://www.clahs.vt.edu","acc","virginia_tech"
"Wake Forest University","http://www.wfu.edu","acc","wakeforest"
"Undergraduate Admissions | Wake Forest University","http://admissions.wfu.edu","acc","wakeforest"
"Home - Wake Forest University School of Business","http://business.wfu.edu","acc","wakeforest"
"Baylor University | A Nationally Ranked Christian University, Undergraduate & Graduate Research Colleges Universities Schools in Texas","http://www.baylor.edu","big12","baylor"
"Baylor University | Texas Undergraduate University Admissions, Texas University Undergraduate programs at accredited Baylor University","http://www.baylor.edu/admissions/","big12","baylor"
"Baylor University || Hankamer School of Business","http://www.baylor.edu/business/","big12","baylor"
"Baylor University | Texas Teaching University, Texas Teaching School, Texas Teaching Certificate, Texas Teaching Degree","http://www.baylor.edu/soe/","big12","baylor"
"Baylor University || School of Engineering and Computer Science","http://www.ecs.baylor.edu","big12","baylor"
"Baylor University || College of Arts & Sciences","http://www.baylor.edu/artsandsciences/","big12","baylor"
"Iowa State University","http://www.iastate.edu","big12","iowa_state"
"Iowa State University Admissions","http://www.admissions.iastate.edu","big12","iowa_state"
"College of Business &#124; Iowa State University","http://www.business.iastate.edu","big12","iowa_state"
"College of Liberal Arts and Sciences","http://www.las.iastate.edu","big12","iowa_state"
"The University of Kansas","http://www.ku.edu","big12","kansas"
"Home | Undergraduate Admissions","http://admissions.ku.edu","big12","kansas"
"Homepage | School of Business","http://www.business.ku.edu","big12","kansas"
"Homepage | KU School of Education","http://www.soe.ku.edu","big12","kansas"
"School of Engineering | School of Engineering","http://www.engr.ku.edu","big12","kansas"
"Home - College of Liberal Arts &amp; Sciences | College of Liberal Arts & Sciences","http://www.clas.ku.edu","big12","kansas"
"Kansas State University","http://www.k-state.edu","big12","kansas_state"
"Admissions | Kansas State University","http://www.k-state.edu/admissions/","big12","kansas_state"
"College of Business Administration | Kansas State University","http://cba.k-state.edu","big12","kansas_state"
"College of Education | Kansas State University","http://coe.k-state.edu","big12","kansas_state"
"Home | College of Engineering | Kansas State University","http://www.engg.ksu.edu","big12","kansas_state"
"College of Arts and Sciences | Kansas State University","http://www.k-state.edu/artsci/","big12","kansas_state"
"The University of Oklahoma","http://www.ou.edu/","big12","oklahoma"
"Admissions & Aid","http://www.ou.edu/web/admissions_aid.html","big12","oklahoma"
"Price College of Business","http://www.ou.edu/price","big12","oklahoma"
"College of Education","http://www.ou.edu/education.html","big12","oklahoma"
"College of Engineering","http://www.ou.edu/coe/","big12","oklahoma"
"Home | College of Arts and Sciences | The University of Oklahoma","http://cas.ou.edu","big12","oklahoma"
"Oklahoma State University | America's Brightest Orange","http://go.okstate.edu","big12","oklahoma_state"
"Be an OSU Cowboy | Office of Undergraduate Admissions","https://admissions.okstate.edu","big12","oklahoma_state"
"Spears School of Business","http://spears.okstate.edu","big12","oklahoma_state"
"College of Education","http://education.okstate.edu","big12","oklahoma_state"
"College of Engineering, Architecture and Technology","http://www.ceat.okstate.edu","big12","oklahoma_state"
"Home Page","http://cas.okstate.edu","big12","oklahoma_state"
"Texas Christian University","http://www.tcu.edu","big12","tcu"
"TCUAdmission","http://www.admissions.tcu.edu","big12","tcu"
"Home - TCU - Neeley School of Business","http://www.neeley.tcu.edu","big12","tcu"
"TCU - College of Education","http://www.coe.tcu.edu","big12","tcu"
"TCU College of Science &amp; Engineering","http://www.cse.tcu.edu","big12","tcu"
"TCU Addran - Welcome to the AddRan College of Liberal Arts.","http://www.addran.tcu.edu","big12","tcu"
"The University of Texas at Austin","http://www.utexas.edu","big12","u_texas"
"Texas Admissions | Undergraduate admission, scholarships and financial aid at The University of Texas at Austin.","http://bealonghorn.utexas.edu","big12","u_texas"
"McCombs School of Business | The University of Texas at Austin","http://www.mccombs.utexas.edu","big12","u_texas"
"The College of Education - Home Page","http://www.edb.utexas.edu/education/","big12","u_texas"
"Home - Cockrell School of Engineering","http://www.engr.utexas.edu","big12","u_texas"
"UT College of Liberal Arts","http://www.utexas.edu/cola/","big12","u_texas"
"Texas Tech University | TTU","http://www.ttu.edu","big12","texas_tech"
"Undergraduate Admissions","http://www.admissions.ttu.edu","big12","texas_tech"
"Rawls College of Business :: RCOBA Home :: TTU","http://www.rawlsbusiness.ba.ttu.edu","big12","texas_tech"
"College of Education | College of Education | TTU","http://www.educ.ttu.edu","big12","texas_tech"
"Edward E. Whitacre Jr. College of Engineering | Whitacre College of Engineering | TTU","http://www.depts.ttu.edu/coe/","big12","texas_tech"
"Texas Tech University :: College of Arts &amp; Sciences","http://www.depts.ttu.edu/artsandsciences/","big12","texas_tech"
"NO TITLE 266","http://www.wvu.edu","big12","west_virgina"
"Home | Office of Admissions | West Virginia University","http://admissions.wvu.edu","big12","west_virgina"
"Overview","http://www.be.wvu.edu/students/","big12","west_virgina"
"College of Engineering and Mineral Resources Home | WVU Benjamin M. Statler College of Engineering and Mineral Resources","http://www.statler.wvu.edu","big12","west_virgina"
"Home | Eberly College of Arts and Sciences | West Virginia University","http://eberly.wvu.edu","big12","west_virgina"
"University of Cincinnati, located in Cincinnati, Ohio., University of Cincinnati","http://www.uc.edu","bigeast","cincinnati"
"Undergraduate Admissions, University of Cincinnati","http://admissions.uc.edu","bigeast","cincinnati"
"Carl H. Lindner College of Business, University of Cincinnati","http://business.uc.edu","bigeast","cincinnati"
"College of Education, Criminal Justice, & Human Services, University of Cincinnati","http://cech.uc.edu","bigeast","cincinnati"
"College of Engineering & Applied Science, University of Cincinnati","http://ceas.uc.edu","bigeast","cincinnati"
"Arts & Sciences, University of Cincinnati","http://www.artsci.uc.edu","bigeast","cincinnati"
"University of Connecticut","http://www.uconn.edu","bigeast","connecticut"
"Undergraduate Admissions","http://admissions.uconn.edu","bigeast","connecticut"
"School of Business Home | School of Business","http://www.business.uconn.edu","bigeast","connecticut"
"Home | Neag School of Education","http://www.education.uconn.edu","bigeast","connecticut"
"SCHOOL OF ENGINEERING WEB","http://www.engr.uconn.edu","bigeast","connecticut"
"Home | College of Liberal Arts and Sciences","http://www.clas.uconn.edu","bigeast","connecticut"
"DePaul University","http://www.depaul.edu","bigeast","depaul"
"Admission and Aid  | DePaul University","http://www.depaul.edu/admission-and-aid/","bigeast","depaul"
"Driehaus College of Business | DePaul University","http://commerce.depaul.edu","bigeast","depaul"
"DePaul University College of Education","http://education.depaul.edu","bigeast","depaul"
"DePaul CDM - College of Computing and Digital Media","http://www.cdm.depaul.edu","bigeast","depaul"
"College of Liberal Arts and Social Sciences | DePaul University","http://las.depaul.edu","bigeast","depaul"
"Welcome Home! | Georgetown University","http://www.georgetown.edu","bigeast","georgetown"
"Admissions & Aid | Georgetown University","http://www.georgetown.edu/admissions/","bigeast","georgetown"
"Full-time MBA | Georgetown University","http://msb.georgetown.edu/mba/","bigeast","georgetown"
"Georgetown College","http://college.georgetown.edu","bigeast","georgetown"
"University of Louisville","http://louisville.edu","bigeast","louisville"
"Office of Admissions","http://louisville.edu/admissions/","bigeast","louisville"
"UofL College of Business | Top Ranked College of Business. Entrepreneurship, MBA, Global, Graduate programs, Equine Business, Ulmer Career Center, Forcht Center for Entrepreneurship,","http://business.louisville.edu","bigeast","louisville"
"College of Education and Human Development  College of Education and Human Development","http://louisville.edu/education/","bigeast","louisville"
"Life Takes Engineering - Speed School Delivers!  J.B. Speed School of Engineering","http://louisville.edu/speed/","bigeast","louisville"
"Home  The College of Arts and Sciences","http://louisville.edu/artsandsciences/","bigeast","louisville"
"Marquette University // Be The Difference","http://www.marquette.edu","bigeast","marquette"
"Explore Marquette: Undergraduate Admissions //  Marquette University","http://www.marquette.edu/explore/","bigeast","marquette"
"College of Business Administration | Business | Marquette University","http://business.marquette.edu","bigeast","marquette"
"College of Education | Marquette University","http://www.marquette.edu/education/","bigeast","marquette"
"Opus  College of Engineering // Marquette University","http://www.marquette.edu/engineering/","bigeast","marquette"
"The Klingler College of Arts and Sciences // Marquette University","http://www.marquette.edu/as/","bigeast","marquette"
"University of Notre Dame","http://nd.edu","bigeast","notre_dame"
"Undergraduate Admissions // University of Notre Dame","http://admissions.nd.edu","bigeast","notre_dame"
"Mendoza College of Business // University of Notre Dame","http://business.nd.edu","bigeast","notre_dame"
"College of Engineering","http://engineering.nd.edu","bigeast","notre_dame"
"College of Arts and Letters // University of Notre Dame","http://al.nd.edu","bigeast","notre_dame"
"Home | University of Pittsburgh","http://www.pitt.edu","bigeast","pittsburgh"
"Office of Admissions and Financial Aid | University of Pittsburgh","http://www.oafa.pitt.edu","bigeast","pittsburgh"
"Pitt Business | Katz Graduate School of Business and College of Business Administration","http://www.business.pitt.edu","bigeast","pittsburgh"
"School of Education | University of Pittsburgh","http://www.education.pitt.edu","bigeast","pittsburgh"
"Swanson School of Engineering - University of Pittsburgh","http://www.engineering.pitt.edu","bigeast","pittsburgh"
"Headlines &amp; Highlights | University of Pittsburgh  | University of Pittsburgh","http://www.as.pitt.edu","bigeast","pittsburgh"
"Providence College","http://www.providence.edu","bigeast","providence"
"Undergraduate Admission - Office of Admission - Providence College","http://www.providence.edu/admission/","bigeast","providence"
"Providence College School of Business  Providence College School of Business","http://www.providence.edu/business/","bigeast","providence"
"School of Arts &amp; Sciences - Providence College","http://www.providence.edu/arts-sciences/","bigeast","providence"
"Seton Hall University, New Jersey","http://www.shu.edu","bigeast","setonhall"
"Undergraduate and Graduate Admissions - Seton Hall University, New Jersey","http://www.shu.edu/applying/","bigeast","setonhall"
"Stillman School of Business - Seton Hall University, New Jersey","http://www.shu.edu/academics/business/","bigeast","setonhall"
"College of Education and Human Services - Seton Hall University, New Jersey","http://www.shu.edu/academics/education/","bigeast","setonhall"
"College of Arts &amp; Sciences - Seton Hall University, New Jersey","http://www.shu.edu/academics/artsci/index.cfm","bigeast","setonhall"
"Welcome to the University of South Florida | Tampa, FL","http://www.usf.edu","bigeast","south_florida"
"NO TITLE 326","http://usfweb2.usf.edu/Admissions/","bigeast","south_florida"
"Muma College of Business | University of South Florida","http://business.usf.edu","bigeast","south_florida"
"College of Education | University of South Florida","http://www.coedu.usf.edu/","bigeast","south_florida"
"University of South Florida College of Engineering","http://eng.usf.edu","bigeast","south_florida"
"USF :: College of Arts and Sciences","http://www.cas.usf.edu","bigeast","south_florida"
"Home | St. John&#039;s University","http://www.stjohns.edu","bigeast","st_johns"
"Admission and Financial Aid | St. John&#039;s University","http://www.stjohns.edu/admission/","bigeast","st_johns"
"The Peter J. Tobin College of Business | St. John&#039;s University","http://www.stjohns.edu/academics/schools-and-colleges/peter-j-tobin-college-business","bigeast","st_johns"
"The School of Education | St. John&#039;s University","http://www.stjohns.edu/academics/schools-and-colleges/school-education","bigeast","st_johns"
"St. John&#039;s College of Liberal Arts and Sciences | St. John&#039;s University","http://www.stjohns.edu/academics/schools-and-colleges/st-johns-college-liberal-arts-and-sciences","bigeast","st_johns"
"Syracuse University","http://www.syracuse.edu","bigeast","syracuse"
"Admissions","http://www.syracuse.edu/admissions/","bigeast","syracuse"
"Whitman School of Management at Syracuse University","http://whitman.syr.edu","bigeast","syracuse"
"School of Education - School of Education - Syracuse University","http://soeweb.syr.edu","bigeast","syracuse"
"SU Engineering &amp; Computer Science | College of Engineering and Computer Science","http://lcs.syr.edu","bigeast","syracuse"
"Arts and Sciences:  TheCollege Home Page Syracuse University","http://thecollege.syr.edu","bigeast","syracuse"
"Villanova University","http://www.villanova.edu","bigeast","villanova"
"Admission, Office of","http://www1.villanova.edu/villanova/admission","bigeast","villanova"
"Villanova School of Business","http://www1.villanova.edu/villanova/business","bigeast","villanova"
"College of Engineering","http://www1.villanova.edu/villanova/engineering","bigeast","villanova"
"College of Liberal Arts and Sciences","http://www1.villanova.edu/villanova/artsci","bigeast","villanova"
"The University of Alabama","http://ua.edu","sec","alabama"
"Undergraduate Admissions - The University of Alabama","http://gobama.ua.edu","sec","alabama"
"Culverhouse - Home Page","http://cba.ua.edu","sec","alabama"
"College of Education  Home - College of Education","http://education.ua.edu","sec","alabama"
"The College of Engineering - The University of Alabama","http://eng.ua.edu","sec","alabama"
"NO TITLE 352","http://as.ua.edu","sec","alabama"
"University of Arkansas","http://www.uark.edu/","sec","arkansas"
"Home | Admissions | University of Arkansas","http://admissions.uark.edu","sec","arkansas"
"Sam M. Walton College of Business | University of Arkansas","http://waltoncollege.uark.edu","sec","arkansas"
"Home: College of Education and Health Professions","http://coehp.uark.edu","sec","arkansas"
"HOME | College of Engineering | University of Arkansas","http://www.engr.uark.edu","sec","arkansas"
"Home |          University of Arkansas","http://fulbright.uark.edu","sec","arkansas"
"Auburn University","http://auburn.edu","sec","auburn"
"Office of Undergraduate Admissions | Auburn University","http://www.auburn.edu/admissions/","sec","auburn"
"Raymond J. Harbert College of Business | harbert.auburn.edu","http://business.auburn.edu","sec","auburn"
"College of Education","http://www.education.auburn.edu","sec","auburn"
"NO TITLE 363","http://www.eng.auburn.edu","sec","auburn"
"Home Page-College of Liberal Arts, College of Liberal Arts, Auburn University","http://www.cla.auburn.edu/cla/","sec","auburn"
"University of Florida","http://www.ufl.edu","sec","florida"
"University of Florida: Admissions","http://www.admissions.ufl.edu","sec","florida"
"Warrington College of Business Administration","http://warrington.ufl.edu","sec","florida"
"College of Education, University of Florida","http://education.ufl.edu","sec","florida"
"College of Engineering &raquo; University of Florida","http://www.eng.ufl.edu","sec","florida"
"College of Liberal Arts and Sciences | The University of Florida","http://www.clas.ufl.edu","sec","florida"
"University Of Georgia","http://www.uga.edu","sec","georgia"
"UGA Undergraduate Admissions","https://www.admissions.uga.edu/","sec","georgia"
"Terry College of Business - University of Georgia","http://www.terry.uga.edu","sec","georgia"
"University of Georgia College of Education","http://www.coe.uga.edu","sec","georgia"
"UGA College of Engineering","http://www.engineering.uga.edu","sec","georgia"
"Franklin College of Arts and Sciences","http://www.franklin.uga.edu","sec","georgia"
"University of Kentucky","http://www.uky.edu","sec","kentucky"
"Welcome to UK! |  University of Kentucky Admissions","http://www.uky.edu/Admission/","sec","kentucky"
"Gatton College of Business and Economics - University of Kentucky","http://gatton.uky.edu","sec","kentucky"
"UK College of Education |","http://education.uky.edu","sec","kentucky"
"NO TITLE 381","http://www.engr.uky.edu","sec","kentucky"
"UK College of Arts &amp; Sciences","http://www.as.uky.edu","sec","kentucky"
"Louisiana State University","http://www.lsu.edu","sec","lsu"
"LSU Undergraduate Admissions ","http://www.lsu.edu/departments/admissions","sec","lsu"
"E.&nbsp;J. Ourso College of Business","http://business.lsu.edu/","sec","lsu"
"LSU | College of Human Sciences & Education","http://chse.lsu.edu","sec","lsu"
"LSU College of Engineering","http://www.eng.lsu.edu","sec","lsu"
"Humanities &amp; Social Sciences","http://hss.lsu.edu","sec","lsu"
"Mississippi State University","http://www.msstate.edu","sec","mississippi_state"
"About MSU | Admissions","http://www.statement.msstate.edu","sec","mississippi_state"
"Home - College of Business - Mississippi State University","http://www.business.msstate.edu","sec","mississippi_state"
"Curriculum, Instruction, and Special Education at Mississippi State University","http://www.cise.msstate.edu","sec","mississippi_state"
"Bagley College of Engineering | Mississippi State University | Engineering Our State","http://www.engr.msstate.edu","sec","mississippi_state"
"Welcome - College of Arts &amp; Sciences :: Mississippi State University","http://www.cas.msstate.edu","sec","mississippi_state"
"Mizzou // University of Missouri","http://www.missouri.edu","sec","missouri"
"Mizzou Undergraduate Admissions | University of Missouri","http://admissions.missouri.edu","sec","missouri"
"Trulaske College of Business - We&#039;ll show you a better business education","http://business.missouri.edu","sec","missouri"
"College of Education | University of Missouri","http://education.missouri.edu","sec","missouri"
"| Engineering // Mizzou // University of Missouri","http://engineering.missouri.edu","sec","missouri"
"College of Arts and Science, University of Missouri","http://coas.missouri.edu","sec","missouri"
"University of Mississippi","http://www.olemiss.edu","sec","ole_miss"
"Office of Admissions | University of Mississippi","http://www.olemiss.edu/admissions/","sec","ole_miss"
"School of Business | University of Mississippi","http://www.olemissbusiness.com","sec","ole_miss"
"School of Education | University of Mississippi","http://education.olemiss.edu","sec","ole_miss"
"School of Engineering &bull; University of Mississippi - School of Engineering","http://www.engineering.olemiss.edu","sec","ole_miss"
"- College of Liberal Arts","http://www.olemiss.edu/libarts","sec","ole_miss"
"University of South Carolina","http://www.sc.edu","sec","south_carolina"
"Admissions | University of South Carolina","http://www.sc.edu/admissions/","sec","south_carolina"
"Darla Moore School of Business - University of South Carolina","http://www.moore.sc.edu","sec","south_carolina"
"College of Education - College of Education | University of South Carolina","http://www.ed.sc.edu","sec","south_carolina"
"College of Engineering and Computing - College of Engineering and Computing | University of South Carolina","http://www.engr.sc.edu","sec","south_carolina"
"Home | Arts &amp; Sciences | University of South Carolina","http://artsandsciences.sc.edu","sec","south_carolina"
"The University of Tennessee, Knoxville","http://www.utk.edu","sec","tennessee"
"Admissions |   The University of Tennessee, Knoxville","http://www.utk.edu/admissions/","sec","tennessee"
"Haslam College of Business  | The University of Tennessee, Knoxville","http://haslam.utk.edu","sec","tennessee"
"UT Knoxville | College of Engineering","http://www.engr.utk.edu","sec","tennessee"
"Texas A&amp;M University, College Station, TX","http://www.tamu.edu","sec","texas_a_and_m"
"Admission to Texas A&amp;M | Texas A&amp;M University, College Station, TX","http://www.tamu.edu/admissions/","sec","texas_a_and_m"
"Mays Business School","http://mays.tamu.edu","sec","texas_a_and_m"
"Education and Human Development | College of","http://education.tamu.edu","sec","texas_a_and_m"
"College of Engineering","http://engineering.tamu.edu","sec","texas_a_and_m"
"College of Liberal Arts  Texas A&amp;M University","http://liberalarts.tamu.edu","sec","texas_a_and_m"
"Vanderbilt University | Nashville, Tennessee","http://www.vanderbilt.edu","sec","vanderbilt"
"Undergraduate Admissions|Vanderbilt University","http://admissions.vanderbilt.edu","sec","vanderbilt"
"Business School | MBA Program | Vanderbilt Owen Graduate School of Management | Nashville, Tennessee","http://www.owen.vanderbilt.edu/vanderbilt/","sec","vanderbilt"
"Peabody College of Education and Human Development|Vanderbilt University","http://peabody.vanderbilt.edu","sec","vanderbilt"
"School of Engineering|Vanderbilt University","http://engineering.vanderbilt.edu","sec","vanderbilt"
"College of Arts and Science | Vanderbilt University","http://as.vanderbilt.edu","sec","vanderbilt"
"Brown University","http://www.brown.edu","ivy","brown"
"Admission | Brown University","http://www.brown.edu/admission","ivy","brown"
"Home | School of Engineering","http://brown.edu/academics/engineering/","ivy","brown"
"Home | The College","http://www.brown.edu/academics/college","ivy","brown"
"Columbia University in the City of New York","http://www.columbia.edu","ivy","columbia"
"Admissions | Columbia University in the City of New York","http://www.columbia.edu/content/admissions.html","ivy","columbia"
"Home | Columbia Business School","http://www4.gsb.columbia.edu","ivy","columbia"
"The Fu Foundation School of Engineering &amp; Applied Science - Columbia University","http://www.engineering.columbia.edu","ivy","columbia"
"Columbia College | Columbia College","http://www.college.columbia.edu","ivy","columbia"
"Cornell University","http://www.cornell.edu","ivy","cornell"
"Admissions | Cornell University","http://www.cornell.edu/admissions/","ivy","cornell"
"Samuel Curtis Johnson Graduate School of Management at Cornell University","http://www.johnson.cornell.edu","ivy","cornell"
"Cornell College of Human Ecology","http://www.human.cornell.edu","ivy","cornell"
"Cornell Engineering: Engineering Home","http://www.engineering.cornell.edu","ivy","cornell"
"Cornell University, College of Arts and Sciences, Liberal Arts","http://as.cornell.edu","ivy","cornell"
"Dartmouth College","http://www.dartmouth.edu","ivy","dartmouth"
"Admissions","http://www.dartmouth.edu/admissions/","ivy","dartmouth"
"Tuck School of Business | Dartmouth College | MBA","http://www.tuck.dartmouth.edu","ivy","dartmouth"
"Thayer School of Engineering at Dartmouth","http://engineering.dartmouth.edu","ivy","dartmouth"
"Departments &amp; ProgramsArts &amp; Sciences | Dartmouth College","http://www.dartmouth.edu/home/academics/undergraduate_departments.html","ivy","dartmouth"
"Harvard University","http://www.harvard.edu","ivy","harvard"
"Admissions | Harvard College","http://www.admissions.college.harvard.edu","ivy","harvard"
"Harvard Business School","http://www.hbs.edu","ivy","harvard"
"Harvard Graduate School of Education home","http://www.gse.harvard.edu","ivy","harvard"
"Harvard John A. Paulson School of Engineering and Applied Sciences","http://www.seas.harvard.edu","ivy","harvard"
"Faculty of Arts & Sciences","http://www.fas.harvard.edu","ivy","harvard"
"Home | University of Pennsylvania","http://www.upenn.edu","ivy","pennsylvania"
"Admissions &amp; Aid | University of Pennsylvania","http://www.upenn.edu/admissions/","ivy","pennsylvania"
"Penn Engineering - Welcome to the School of Engineering and Applied Science (SEAS)","http://www.seas.upenn.edu","ivy","pennsylvania"
"University of Pennsylvania - College of Arts and Sciences","http://www.college.upenn.edu","ivy","pennsylvania"
"Princeton University - Home","http://www.princeton.edu/","ivy","princeton"
"Princeton University - Home","http://www.princeton.edu/main/","ivy","princeton"
"Princeton Engineering","http://www.princeton.edu/engineering/","ivy","princeton"
"Princeton University - Departments &amp; Programs","http://www.princeton.edu/main/academics/departments/","ivy","princeton"
"Yale University","http://www.yale.edu","ivy","yale"
"Admissions | Yale","http://www.yale.edu/admissions/","ivy","yale"
"Yale School of Engineering &amp; Applied Science","http://seas.yale.edu","ivy","yale"
"Welcome | Yale College","http://yalecollege.yale.edu","ivy","yale"
"Cal Poly - Welcome to California Polytechnic State University, San Luis Obispo, California","http://www.calpoly.edu","bigwest","cal_poly"
"Home - Admissions - Cal Poly, San Luis Obispo","http://admissions.calpoly.edu","bigwest","cal_poly"
"OCOB - Orfalea College of Business","http://www.cob.calpoly.edu","bigwest","cal_poly"
"Home - College of Engineering - Cal Poly, San Luis Obispo","http://ceng.calpoly.edu","bigwest","cal_poly"
"Cal Poly CLA - College of Liberal Arts","http://cla.calpoly.edu","bigwest","cal_poly"
"California State University, Fullerton","http://www.fullerton.edu","bigwest","cal_state_fullerton"
"Admissions and Records - Home","http://www.fullerton.edu/admissions/","bigwest","cal_state_fullerton"
"Mihaylo College of Business and Economics | California State University, Fullerton","http://business.fullerton.edu","bigwest","cal_state_fullerton"
"College of Education at California State University Fullerton | Choose CSU Fullerton&#039;s College of Education to Become a Teacher and earn your California Teaching Credential, a Master of Science in Education in several areas of study, or one of various career-enhancing Certificates or Authorizations","http://ed.fullerton.edu","bigwest","cal_state_fullerton"
"Engineering &amp; Computer Science - ECS","http://www.fullerton.edu/ecs/","bigwest","cal_state_fullerton"
"College of Humanities and Social Sciences - Home","http://hss.fullerton.edu/hss/","bigwest","cal_state_fullerton"
"California State University, Northridge","http://www.csun.edu","bigwest","cal_state_northridge"
"Admissions and Records | California State University, Northridge","http://www.csun.edu/anr/","bigwest","cal_state_northridge"
"David Nazarian College of Business and Economics | California State University, Northridge","http://www.csun.edu/busecon/","bigwest","cal_state_northridge"
"College of Education | California State University, Northridge","http://www.csun.edu/education/","bigwest","cal_state_northridge"
"College of Engineering &amp; Computer Science","http://www.ecs.csun.edu/ecsdean/","bigwest","cal_state_northridge"
"College of Humanities | California State University, Northridge","http://www.csun.edu/humanities/","bigwest","cal_state_northridge"
"University of Hawaii at Manoa","http://manoa.hawaii.edu","bigwest","hawaii"
"University of Hawaii at Manoa: Admissions","http://manoa.hawaii.edu/admissions/","bigwest","hawaii"
"Shidler College of Business","http://shidler.hawaii.edu","bigwest","hawaii"
"College of Education, The University of Hawaii at Mnoa","https://coe.hawaii.edu/","bigwest","hawaii"
"College of Engineering at the University of Hawaii at Mnoa | Re-Engineering for a Sustainable Future","http://www.eng.hawaii.edu","bigwest","hawaii"
"COLLEGES OF ARTS AND SCIENCES","http://artsci.manoa.hawaii.edu","bigwest","hawaii"
"California State University, Long Beach","http://www.csulb.edu","bigwest","longbeach_state"
"CSULB Enrollment Services","http://www.csulb.edu/depts/enrollment/","bigwest","longbeach_state"
"College of Business Administration","http://www.csulb.edu/colleges/cba/","bigwest","longbeach_state"
"College of Education | Equity and Excellence","http://www.ced.csulb.edu","bigwest","longbeach_state"
"College of Engineering (COE), California State University, Long Beach","http://www.csulb.edu/colleges/coe/","bigwest","longbeach_state"
"Welcome to the College of the Arts!","http://www.csulb.edu/colleges/cota/","bigwest","longbeach_state"
"University of the Pacific - Stockton, Sacramento and San Francisco","http://www.pacific.edu/","bigwest","pacific"
"Admission to Pacific","http://www.pacific.edu/Admission","bigwest","pacific"
"Eberhardt School of Business University of the Pacific","http://www.pacific.edu/Academics/Schools-and-Colleges/Eberhardt-School-of-Business","bigwest","pacific"
"Gladys L. Benerd School of Education","http://www.pacific.edu/Academics/Schools-and-Colleges/Gladys-L-Benerd-School-of-Education","bigwest","pacific"
"School of Engineering and Computer Science","http://www.pacific.edu/Academics/Schools-and-Colleges/School-of-Engineering-and-Computer-Science","bigwest","pacific"
"College of the Pacific","http://www.pacific.edu/Academics/Schools-and-Colleges/College-of-the-Pacific","bigwest","pacific"
"Welcome to the University of California, Davis | UC Davis","http://www.ucdavis.edu/","bigwest","uc_davis"
"UC Davis Undergraduate Admissions","http://admissions.ucdavis.edu/","bigwest","uc_davis"
"UC Davis Graduate School of Management","http://gsm.ucdavis.edu/","bigwest","uc_davis"
"UC Davis School of Education - Integrating research and practice","http://education.ucdavis.edu/","bigwest","uc_davis"
"College of Engineering - College of Engineering UC Davis","http://engineering.ucdavis.edu/","bigwest","uc_davis"
"College of Letters &amp; Science","http://www.ls.ucdavis.edu/","bigwest","uc_davis"
"Home | UCI","http://uci.edu","bigwest","uc_irvine"
"Home | Office of Admissions and Relations with Schools | UCI","http://www.admissions.uci.edu/","bigwest","uc_irvine"
"University of California, Irvine | The Paul Merage School of Business","http://merage.uci.edu/","bigwest","uc_irvine"
"Home | The Henry Samueli School of Engineering at UC Irvine","http://www.eng.uci.edu/","bigwest","uc_irvine"
"Home | UC Irvine School of Humanities","http://www.humanities.uci.edu/SOH/","bigwest","uc_irvine"
"UC Riverside: Home","http://www.ucr.edu","bigwest","uc_riverside"
"UCR Admissions Home","http://admissions.ucr.edu","bigwest","uc_riverside"
"UCR SoBA: Home","http://soba.ucr.edu","bigwest","uc_riverside"
"Graduate School of Education: Home","http://education.ucr.edu","bigwest","uc_riverside"
"Bourns College of Engineering: Home","http://www.engr.ucr.edu","bigwest","uc_riverside"
"CHASS: CHASS Home","http://chass.ucr.edu","bigwest","uc_riverside"
"Welcome to UC Santa Barbara","http://www.ucsb.edu","bigwest","uc_santa_barbara"
"Home","http://admissions.sa.ucsb.edu","bigwest","uc_santa_barbara"
"The Gevirtz Graduate School of Education UC Santa Barbara | The Gevirtz School (GGSE) - UC Santa Barbara","http://education.ucsb.edu","bigwest","uc_santa_barbara"
"College of Letters and Science - UC Santa Barbara","http://www.ltsc.ucsb.edu","bigwest","uc_santa_barbara"
"East Carolina University. Tomorrow starts here.&reg;","http://www.ecu.edu","conferenceusa","east_carolina"
"Home | Undergraduate Admissions","http://www.ecu.edu/admissions/","conferenceusa","east_carolina"
"ECU College of Business","http://www.ecu.edu/business/","conferenceusa","east_carolina"
"Welcome to the College of Education","http://www.ecu.edu/cs-educ/","conferenceusa","east_carolina"
"College of Engineering and Technology","http://www.ecu.edu/tecs/","conferenceusa","east_carolina"
"Index | College of Arts &amp; Sciences","http://www.ecu.edu/cs-cas/","conferenceusa","east_carolina"
"University of Houston","http://www.uh.edu","conferenceusa","houston"
"Admissions - University of Houston","http://www.uh.edu/admissions/","conferenceusa","houston"
"C. T. Bauer College of Business at the University of Houston","http://www.bauer.uh.edu","conferenceusa","houston"
"College of Education - University of Houston - University of Houston","http://www.coe.uh.edu","conferenceusa","houston"
"UH Cullen College of Engineering | UH Cullen College of Engineering","http://www.egr.uh.edu","conferenceusa","houston"
"College of Liberal Arts and Social Sciences at the University of Houston - University of Houston","http://www.uh.edu/class/","conferenceusa","houston"
"Marshall University","http://www.marshall.edu","conferenceusa","marshall"
"Admissions","http://www.marshall.edu/admissions/","conferenceusa","marshall"
"College of Business","http://muwww-new.marshall.edu/cob/","conferenceusa","marshall"
"Marshall University Professional Education Unit","http://www.marshall.edu/wpmu/peu/","conferenceusa","marshall"
"Home - College of Information Technology and EngineeringCollege of Information Technology and Engineering","http://www.marshall.edu/cite/","conferenceusa","marshall"
"College of Liberal Arts","http://www.marshall.edu/wpmu/cola/","conferenceusa","marshall"
"UofM - University of Memphis","http://www.memphis.edu","conferenceusa","memphis"
"Office of Admissions -       Admissions       - University of Memphis","http://www.memphis.edu/admissions/","conferenceusa","memphis"
"Fogelman College of Business &amp; Economics -       FCBE       - University of Memphis","http://www.memphis.edu/fcbe/","conferenceusa","memphis"
"CEHHS -       CEHHS       - University of Memphis","http://www.memphis.edu/cehhs/","conferenceusa","memphis"
"Herff -       Herff Home       - University of Memphis","http://www.memphis.edu/herff/","conferenceusa","memphis"
"College of Arts and Sciences -       CAS       - University of Memphis","http://www.memphis.edu/cas/","conferenceusa","memphis"
"Rice University","http://www.rice.edu","conferenceusa","rice"
"Future Owls","http://futureowls.rice.edu/","conferenceusa","rice"
"MBA Texas Rice Jones School","http://business.rice.edu","conferenceusa","rice"
"Rice University George R. Brown School of Engineering","http://engr.rice.edu","conferenceusa","rice"
"Rice University School of Humanities","http://humanities.rice.edu","conferenceusa","rice"
"Southern Methodist University - World Changers Shaped Here - SMU","http://www.smu.edu","conferenceusa","southern_methodist"
"Home - Undergraduate Admission - SMU","http://www.smu.edu/Admission/","conferenceusa","southern_methodist"
"Simmons School of Education &amp; Human Development - SMU","http://smu.edu/education/","conferenceusa","southern_methodist"
"Lyle School of Engineering - SMU","http://www.smu.edu/lyle","conferenceusa","southern_methodist"
"SMU Dedman College of Humanities and Sciences - Dedman College - SMU","http://www.smu.edu/dedman","conferenceusa","southern_methodist"
"The University of Southern Mississippi","http://www.usm.edu","conferenceusa","southern_miss"
"Undergraduate Admissions | The University of Southern Mississippi","http://www.usm.edu/admissions","conferenceusa","southern_miss"
"College of Business | The University of Southern Mississippi","http://www.usm.edu/business","conferenceusa","southern_miss"
"College of Education &amp; Psychology | The University of Southern Mississippi","http://www.usm.edu/education-psychology","conferenceusa","southern_miss"
"College of Science &amp; Technology | The University of Southern Mississippi","http://www.usm.edu/science-technology","conferenceusa","southern_miss"
"College of Arts &amp; Letters | The University of Southern Mississippi","http://www.usm.edu/arts-letters","conferenceusa","southern_miss"
"Tulane University - New Orleans, LA","http://tulane.edu","conferenceusa","tulane"
"Tulane University - Admission","http://tulane.edu/admission/","conferenceusa","tulane"
"A.B. Freeman School of Business","http://www.freeman.tulane.edu/","conferenceusa","tulane"
"Tulane University - School of Science and Engineering","http://tulane.edu/sse/","conferenceusa","tulane"
"Tulane University - School of Liberal Arts - School of Liberal Arts","http://tulane.edu/liberal-arts/","conferenceusa","tulane"
"UAB - The University of Alabama at Birmingham - Home","http://www.uab.edu","conferenceusa","uab"
"UAB - Collat School of Business - Collat School of Business","http://www.uab.edu/business/","conferenceusa","uab"
"UAB - School of Education - Home","http://www.uab.edu/education/","conferenceusa","uab"
"UAB - School of Engineering - Home","http://www.uab.edu/engineering/","conferenceusa","uab"
"UAB - College of Arts and Sciences - Home - Home","http://www.uab.edu/cas/","conferenceusa","uab"
"University of Central Florida - A University in Florida, College in Florida","http://www.ucf.edu","conferenceusa","u_central_florida"
"UCF Admissions - University Admissions - Undergraduate &amp; Graduate College Admissions","http://www.ucf.edu/admissions/","conferenceusa","u_central_florida"
"College of Business Administration | Undergraduate business degrees, MBA and executive education at the University of Central Florida in Orlando, FL","http://www.bus.ucf.edu","conferenceusa","u_central_florida"
"UCF College of Education and Human Performance","http://education.ucf.edu","conferenceusa","u_central_florida"
"CECS","http://www.cecs.ucf.edu","conferenceusa","u_central_florida"
"UCF College of Arts and Humanities","http://www.cah.ucf.edu","conferenceusa","u_central_florida"
"The University of Texas at El Paso Home","http://utep.edu","conferenceusa","utep"
"UTEP Office of Admissions & Recruitment","http://academics.utep.edu/Default.aspx?tabid=69423","conferenceusa","utep"
"UTEP Business","http://business.utep.edu","conferenceusa","utep"
"The College of Education","http://coe.utep.edu","conferenceusa","utep"
"Home | College of Engineering","http://engineering.utep.edu","conferenceusa","utep"
"UTEP Liberal Arts | Home","http://academics.utep.edu/Default.aspx?alias=academics.utep.edu/libarts","conferenceusa","utep"
"Bradley University: Home","http://www.bradley.edu/","missourivalley","bradley"
"yourBradley","http://www.bradley.edu/admissions/freshman/apply/","missourivalley","bradley"
"Bradley University: Foster College of Business","http://www.bradley.edu/academic/colleges/fcba/","missourivalley","bradley"
"Bradley University: College of Education and Health Sciences","http://www.bradley.edu/academic/colleges/ehs/","missourivalley","bradley"
"Bradley University: Caterpillar College of Engineering and Technology","http://www.bradley.edu/academic/colleges/egt/","missourivalley","bradley"
"Bradley University: College of Liberal Arts and Sciences","http://www.bradley.edu/academic/colleges/las/","missourivalley","bradley"
"Creighton University","http://www.creighton.edu/","missourivalley","creighton"
"Admissions | Creighton University","http://www.creighton.edu/admissions/","missourivalley","creighton"
"Heider College of Business - Creighton University","http://business.creighton.edu/","missourivalley","creighton"
"College of Arts and Sciences - Creighton University","http://www.creighton.edu/ccas/","missourivalley","creighton"
"Drake University","http://drake.edu/","missourivalley","drake"
"First-Year Application - Drake University","http://www.drake.edu/advantage/applying/first-year.php","missourivalley","drake"
"Business Studies - Drake University","http://www.drake.edu/advantage/academics/majors-minors/gen_business.php","missourivalley","drake"
"Secondary Education - Drake University","http://www.drake.edu/advantage/academics/majors-minors/secondary.php","missourivalley","drake"
"Health Sciences - Drake University","http://www.drake.edu/advantage/academics/majors-minors/health.php","missourivalley","drake"
"University of Evansville","http://www.evansville.edu/","missourivalley","evansville"
"Admission Guidelines - Freshman Student Admission Guidelines - University of Evansville","http://www.evansville.edu/guidelines/freshman.cfm","missourivalley","evansville"
"Schools and Colleges - Schroeder School of Business - University of Evansville","http://www.evansville.edu/schools/business.cfm","missourivalley","evansville"
"Schools and Colleges - College of Education and Health Sciences - University of Evansville","http://www.evansville.edu/schools/educationHealth.cfm","missourivalley","evansville"
"Schools and Colleges - College of Engineering and Computer Science - University of Evansville","http://www.evansville.edu/schools/engineering.cfm","missourivalley","evansville"
"Schools and Colleges - William L. Ridgway College of Arts and Sciences - University of Evansville","http://www.evansville.edu/schools/artsSciences.cfm","missourivalley","evansville"
"Illinois State","http://illinoisstate.edu/","missourivalley","illinois_state"
"Apply to Illinois State | Admissions | Illinois State","http://admissions.illinoisstate.edu/apply/","missourivalley","illinois_state"
"College of Business","http://www.cob.ilstu.edu/","missourivalley","illinois_state"
"Home | College of Education - Illinois State","http://www.coe.ilstu.edu/","missourivalley","illinois_state"
"Home | CAST - Illinois State","http://www.cast.ilstu.edu/","missourivalley","illinois_state"
"College of Arts &amp; Sciences","http://www.cas.ilstu.edu/","missourivalley","illinois_state"
"Indiana State University","http://www.indstate.edu/","missourivalley","indiana_state"
"Admissions | Indiana State University","http://www.indstate.edu/admissions/","missourivalley","indiana_state"
"Indiana State University: Scott College of Business","http://www.indstate.edu/business/","missourivalley","indiana_state"
"Home | Bayh College of Education","http://coe.indstate.edu/","missourivalley","indiana_state"
"Indiana State University: College of Technology","http://technology.indstate.edu/","missourivalley","indiana_state"
"Home | College of Arts and Sciences","http://www.indstate.edu/cas/","missourivalley","indiana_state"
"itemprop="name">Missouri State University","http://www.missouristate.edu/","missourivalley","missouri_state"
"Future Students - Missouri State University","http://www.missouristate.edu/futurestudents/","missourivalley","missouri_state"
"College of Business - Missouri State University","http://business.missouristate.edu/","missourivalley","missouri_state"
"College of Education - Missouri State University","http://education.missouristate.edu/","missourivalley","missouri_state"
"College of Natural and Applied Sciences - Missouri State University","http://cnas.missouristate.edu/","missourivalley","missouri_state"
"College of Arts and Letters - Missouri State University","http://coal.missouristate.edu/","missourivalley","missouri_state"
"University of Northern Iowa","http://www.uni.edu/","missourivalley","northern_iowa"
"Apply | Admissions","http://www.uni.edu/admissions/apply","missourivalley","northern_iowa"
"UNIBusiness - University of Northern Iowa - College of Business","http://business.uni.edu/","missourivalley","northern_iowa"
"UNI - College of Education","http://www.uni.edu/coe/","missourivalley","northern_iowa"
"College of Humanities, Arts and Sciences","http://www.uni.edu/chas/","missourivalley","northern_iowa"
"Welcome to Southern Illinois University","http://siu.edu/","missourivalley","southern_illinois"
"Southern Illinois University in Carbondale | Undergraduate Admissions","http://admissions.siu.edu/","missourivalley","southern_illinois"
"College of Business | SIU","http://www.business.siu.edu/","missourivalley","southern_illinois"
"SIU - College of Education and Human Services","http://ehs.siu.edu/","missourivalley","southern_illinois"
"SIU - College of Science","http://www.science.siu.edu/","missourivalley","southern_illinois"
"SIU - College of Liberal Arts","http://cola.siu.edu/","missourivalley","southern_illinois"
"Wichita State University, Wichita, Kansas","http://www.wichita.edu/thisis/","missourivalley","wichita_state"
"Wichita State University","http://webs.wichita.edu/?u=apply&p=/UndergraduateApplicationTypes/","missourivalley","wichita_state"
"BARTON SCHOOL OF BUSINESS  - Home Page - Wichita State University","http://www.wichita.edu/go/?121","missourivalley","wichita_state"
"COLLEGE OF EDUCATION, Wichita State University, Wichita, Kansas","http://www.wichita.edu/go/?116","missourivalley","wichita_state"
"COLLEGE OF ENGINEERING, Wichita State University, Wichita, Kansas","http://www.wichita.edu/go/?117","missourivalley","wichita_state"
"COLLEGE OF FINE ARTS, Wichita State University, Wichita, Kansas","http://www.wichita.edu/go/?119","missourivalley","wichita_state"
"University of Denver","http://www.du.edu/index.html","wac","denver"
"Applying to DU | University of Denver","http://www.du.edu/apply","wac","denver"
"Daniels College of Business | University of Denver","http://daniels.du.edu","wac","denver"
"Daniel Felix Ritchie School of Engineering &amp; Computer Science | University of Denver","http://www.du.edu/rsecs","wac","denver"
"Arts, Humanities &amp; Social Sciences | University of Denver","http://www.du.edu/ahss","wac","denver"
"NO TITLE 660","http://www.uidaho.edu/","wac","idaho"
"Freshman Admissions-University of Idaho College Admission and Enrollment","http://www.uidaho.edu/admissions/first-year-students","wac","idaho"
"College of Business and Economics - University of Idaho Degree Program","http://www.uidaho.edu/cbe","wac","idaho"
"College of Education | University of Idaho Education Degree Program","http://www.uidaho.edu/ed","wac","idaho"
"College of Engineering - Degree Programs - University of Idaho","http://www.uidaho.edu/engr","wac","idaho"
"College of Letters, Arts & Social Sciences","http://www.uidaho.edu/class","wac","idaho"
"Home - Louisiana Tech University","http://www.latech.edu/","wac","louisiana_tech"
"Home - Louisiana Tech University Office of Admissions","http://admissions.latech.edu","wac","louisiana_tech"
"Welcome to the College of Business!","http://business.latech.edu","wac","louisiana_tech"
"Home - Louisiana Tech University College of Education","http://education.latech.edu","wac","louisiana_tech"
"College of Engineering &amp; Science Home - Louisiana Tech University College of Engineering &amp; Science","http://coes.latech.edu","wac","louisiana_tech"
"New Mexico State University - All About Discovery!","http://www.nmsu.edu/","wac","new_mexico_state"
"To Apply | Undergraduate Admissions | New Mexico State University","http://prospective.nmsu.edu/apply/","wac","new_mexico_state"
"NMSU College of Business | New Mexico State University","http://business.nmsu.edu/","wac","new_mexico_state"
"Redirect","http://education.nmsu.edu/","wac","new_mexico_state"
"College of Engineering | New Mexico State University","http://engr.nmsu.edu/","wac","new_mexico_state"
"NMSU College of Arts and Sciences","http://artsci.nmsu.edu/","wac","new_mexico_state"
"San Jose State University - Powering Silicon Valley | San Jose State University","http://www.sjsu.edu/","wac","san_jose_state"
"Info.sjsu.edu","http://info.sjsu.edu/home/admission.html","wac","san_jose_state"
"Lucas College and Graduate School of Business | San Jose State University","http://www.sjsu.edu/cob/","wac","san_jose_state"
"The Connie L. Lurie College of Education | San Jose State University","http://www.sjsu.edu/education/","wac","san_jose_state"
"Charles W. Davidson College of Engineering at SJSU","http://engineering.sjsu.edu","wac","san_jose_state"
"College of Humanities and the Arts | San Jose State University","http://www.sjsu.edu/humanitiesandarts/","wac","san_jose_state"
"Seattle University","http://www.seattleu.edu/default.aspx","wac","seattle"
"Freshman Admission - Apply to SU - Undergraduate Admissions - Seattle University","http://www.seattleu.edu/undergraduate-admissions/freshmen/","wac","seattle"
"Albers School of Business and Economics - Seattle University","http://www.seattleu.edu/albers","wac","seattle"
"College of Education - Seattle University","http://www.seattleu.edu/coe","wac","seattle"
"College of Science and Engineering - Seattle University","http://www.seattleu.edu/scieng","wac","seattle"
"College of Arts and Sciences - Seattle University","http://www.seattleu.edu/artsci","wac","seattle"
"Home: Texas State University","http://www.txstate.edu/","wac","texas_state"
"Freshman Admission: Welcome to Undergraduate Admissions: Texas State University","http://www.admissions.txstate.edu/future/freshman.html","wac","texas_state"
"McCoy College of Business Administration: Texas State University","http://www.mccoy.txstate.edu/","wac","texas_state"
"College of Education: Texas State University","http://www.education.txstate.edu/","wac","texas_state"
"College of Science and Engineering: Texas State University","http://www.science.txstate.edu/","wac","texas_state"
"College of Applied Arts: Texas State University","http://www.txstate.edu/appliedarts/","wac","texas_state"
"The University of Texas at Arlington - UT Arlington - UTA","http://www.uta.edu","wac","texas_arlington"
"Information for First-Time Freshmen &#8211; Admissions &#8211; UT Arlington","http://www.uta.edu/admissions/freshmen/index.php","wac","texas_arlington"
"UTA College of Business Home | UTA | University of Texas at Arlington","http://www.uta.edu/business/","wac","texas_arlington"
"College of Education and Health Professions - UT Arlington","http://www.uta.edu/coehp/","wac","texas_arlington"
"College of Engineering at The University of Texas at Arlington","http://www.uta.edu/engineering/","wac","texas_arlington"
"College of Liberal Arts at UT Arlington","http://www.uta.edu/libarts/","wac","texas_arlington"
"Welcome to Utah State University","http://www.usu.edu","wac","utah_state"
"Utah State University","http://www.usu.edu/admissions/freshmen/apply.cfm","wac","utah_state"
"Jon M. Huntsman School of Business - huntsman.usu.edu","http://huntsman.usu.edu/","wac","utah_state"
"EEJ-CEHS","http://www.cehs.usu.edu/","wac","utah_state"
"College of Engineering - engineering.usu.edu","http://www.engineering.usu.edu/","wac","utah_state"
"CHASS - College of Humanities and Social Sciences","http://chass.usu.edu/","wac","utah_state"
"Butler.edu","http://www.butler.edu","atlantic10","butler"
"Admission | Butler.edu","http://www.butler.edu/admission/","atlantic10","butler"
"College of Business | Butler.edu","http://www.butler.edu/cob/","atlantic10","butler"
"College of Education | Butler.edu","http://www.butler.edu/coe/","atlantic10","butler"
"College of Liberal Arts & Sciences | Butler.edu","http://www.butler.edu/las/","atlantic10","butler"
"UNC Charlotte","http://www.uncc.edu","atlantic10","charlotte"
"Admissions | UNC Charlotte","http://www.uncc.edu/landing/admissions","atlantic10","charlotte"
"The Belk College of Business | Belk College of Business | UNC Charlotte","http://belkcollege.uncc.edu","atlantic10","charlotte"
"The College of Education | College of Education | UNC Charlotte","http://education.uncc.edu","atlantic10","charlotte"
"Welcome | The William States Lee College of Engineering | UNC Charlotte","http://coe.uncc.edu","atlantic10","charlotte"
"News | College of Liberal Arts & Sciences | UNC Charlotte","http://clas.uncc.edu","atlantic10","charlotte"
"University of Dayton","http://www.udayton.edu","atlantic10","dayton"
"Admission &amp; Financial Aid : University of Dayton, Ohio","http://www.udayton.edu/apply/","atlantic10","dayton"
"School of Business Administration : University of Dayton, Ohio","https://udayton.edu/business/","atlantic10","dayton"
"School of Education &amp; Health Sciences : University of Dayton, Ohio","https://udayton.edu/education/","atlantic10","dayton"
"School of Engineering : University of Dayton, Ohio","https://udayton.edu/engineering/","atlantic10","dayton"
"College of Arts and Sciences : University of Dayton, Ohio","https://udayton.edu/artssciences/","atlantic10","dayton"
"Duquesne University - Pittsburgh, PA | Duquesne University","http://www.duq.edu","atlantic10","duquesne"
"Admissions and Aid | Duquesne University","http://www.duq.edu/admissions-and-aid","atlantic10","duquesne"
"Home | Palumbo Donahue School of Business | Duquesne University","http://www.duq.edu/academics/schools/business/","atlantic10","duquesne"
"Education | Duquesne University","http://www.duq.edu/academics/schools/education","atlantic10","duquesne"
"McAnulty College and Graduate School of Liberal Arts | Duquesne University","http://www.duq.edu/academics/schools/liberal-arts","atlantic10","duquesne"
"Fordham Homepage","http://www.fordham.edu","atlantic10","fordham"
"Admissions and Aid | Fordham","http://www.fordham.edu/admissions/","atlantic10","fordham"
"Gabelli School of Business | Fordham","http://www.bnet.fordham.edu","atlantic10","fordham"
"Graduate School of Education | Fordham","http://www.fordham.edu/academics/colleges__graduate_s/graduate__profession/education/","atlantic10","fordham"
"Graduate School of Arts and Sciences | Fordham","http://www.fordham.edu/academics/colleges__graduate_s/graduate__profession/arts__sciences/","atlantic10","fordham"
"The George Washington University","http://www.gwu.edu","atlantic10","george_washington"
"Undergraduate Admissions | The George Washington University","http://undergraduate.admissions.gwu.edu/","atlantic10","george_washington"
"George Washington University School of Business | At the Intersection of Business &amp; Society","http://business.gwu.edu","atlantic10","george_washington"
"SEAS | The George Washington University | The George Washington University","http://www.seas.gwu.edu","atlantic10","george_washington"
"Columbian College of Arts & Sciences | The George Washington University","http://columbian.gwu.edu","atlantic10","george_washington"
"La Salle University :: Philadelphia, PA","http://www.lasalle.edu","atlantic10","la_salle"
"Undergraduate Admission | La Salle University | Admission Site for La Salle University in Philadelphia, PA","http://www.lasalle.edu/admission/","atlantic10","la_salle"
"School of Business | La Salle University | Philadelphia, Pa.","http://www.lasalle.edu/schoolofbusiness/","atlantic10","la_salle"
"Untitled Document","http://www.lasalle.edu/schools/sas/","atlantic10","la_salle"
"Home | UMass Amherst","http://www.umass.edu","atlantic10","massachusetts"
"Undergraduate Admissions | UMass Amherst","https://www.umass.edu/admissions/","atlantic10","massachusetts"
"Home Page | Isenberg","http://www.isenberg.umass.edu","atlantic10","massachusetts"
"College of Education","http://www.umass.edu/education/","atlantic10","massachusetts"
"College of Engineering | UMass Amherst","http://www.engineering.umass.edu","atlantic10","massachusetts"
"UMass HFA","http://www.umass.edu/hfa/","atlantic10","massachusetts"
"University of Rhode Island | Think Big. We Do.","http://ww2.uri.edu","atlantic10","rhode_island"
"index","http://www.uri.edu/admission/","atlantic10","rhode_island"
"School of Education - University of Rhode Island","http://www.uri.edu/hss/education/","atlantic10","rhode_island"
"College of Engineering | Think Big. We Do.","http://egr.uri.edu","atlantic10","rhode_island"
"College of Arts and Sciences - University of Rhode Island","http://www.uri.edu/artsci/","atlantic10","rhode_island"
"University of Richmond","http://www.richmond.edu","atlantic10","richmond"
"Robins School of Business - University of Richmond","http://robins.richmond.edu","atlantic10","richmond"
"School of Arts &amp; Sciences - University of Richmond","http://as.richmond.edu","atlantic10","richmond"
"Saint Joseph's University","http://www.sju.edu","atlantic10","saint_josephs"
"Contact Admissions | Saint Joseph&#039;s University","http://www.sju.edu/information/contact-admissions","atlantic10","saint_josephs"
"Haub Graduate Business Programs | Saint Josephs University, Philadelphia","http://www.sju.edu/int/academics/hsb/grad/","atlantic10","saint_josephs"
"Education B.S. | Saint Joseph&#039;s University","http://www.sju.edu/majors-programs/adult-learner/bachelor-degrees/education","atlantic10","saint_josephs"
"Majors &amp; Programs | Saint Joseph&#039;s University","http://www.sju.edu/majors-programs","atlantic10","saint_josephs"
"St. Bonaventure University","http://www.sbu.edu","atlantic10","st_bonaventure"
"Admission and Aid | St. Bonaventure University","http://www.sbu.edu/admissions.aspx","atlantic10","st_bonaventure"
"School of Business | St. Bonaventure University","http://www.sbu.edu/business.aspx?id=5954","atlantic10","st_bonaventure"
"School of Education | St. Bonaventure University","http://www.sbu.edu/education.aspx?id=2304","atlantic10","st_bonaventure"
"School of Arts - Sciences | St. Bonaventure University","http://www.sbu.edu/artsandsciences.aspx?id=1728","atlantic10","st_bonaventure"
"Temple University","http://temple.edu","atlantic10","temple"
"Admissions | Temple University","http://temple.edu/admissions/","atlantic10","temple"
"Fox School of Business | Temple University | Philadelphia, PA, USA","http://www.sbm.temple.edu","atlantic10","temple"
"College of Education | Temple University College of Education","http://www.temple.edu/education/","atlantic10","temple"
"Welcome to Temple's College of Engineering","http://www.temple.edu/engineering/","atlantic10","temple"
"College of Liberal Arts College of Liberal Arts / Temple University","http://www.cla.temple.edu","atlantic10","temple"
"Virginia Commonwealth University (VCU)","http://www.vcu.edu","atlantic10","virginia_commonwealth"
"Virginia Commonwealth University Undergraduate Admissions","http://www.ugrad.vcu.edu","atlantic10","virginia_commonwealth"
"Programs of study &ndash; VCU Undergraduate Admissions","http://www.ugrad.vcu.edu/academics/programs.html#business","atlantic10","virginia_commonwealth"
"Programs of study &ndash; VCU Undergraduate Admissions","http://www.ugrad.vcu.edu/academics/programs.html#soe","atlantic10","virginia_commonwealth"
"Programs of study &ndash; VCU Undergraduate Admissions","http://www.ugrad.vcu.edu/academics/programs.html#egr","atlantic10","virginia_commonwealth"
"Programs of study &ndash; VCU Undergraduate Admissions","http://www.ugrad.vcu.edu/academics/programs.html#has","atlantic10","virginia_commonwealth"
"Xavier University - Cincinnati, OH","http://www.xavier.edu","atlantic10","xavier"
"Xavier University - Admission","http://www.xavier.edu/admission/","atlantic10","xavier"
"Xavier University - Williams College of Business (WCB)","http://www.xavier.edu/williams/","atlantic10","xavier"
"Xavier University - CSSHE","http://www.xavier.edu/csshe/","atlantic10","xavier"
"Xavier University - College of Arts and Sciences","http://www.xavier.edu/cas/","atlantic10","xavier"
"The University of Chicago","http://www.uchicago.edu","noconference","u_chicago"
"Welcome to College Admissions | College Admissions | The University of Chicago","https://collegeadmissions.uchicago.edu","noconference","u_chicago"
"The University of Chicago Booth School of Business","http://www.chicagobooth.edu","noconference","u_chicago"
"Division of the Physical Sciences | The University of Chicago","http://psd.uchicago.edu","noconference","u_chicago"
"The College | The University of Chicago","http://college.uchicago.edu","noconference","u_chicago"
"MIT - Massachusetts Institute of Technology","http://www.mit.edu","noconference","mit"
"MIT Admissions","http://mitadmissions.org","noconference","mit"
"MIT Sloan School of Management","http://mitsloan.mit.edu","noconference","mit"
"Home | MIT School of Engineering","http://engineering.mit.edu","noconference","mit"
"MIT School of Humanities, Arts and Social Sciences","http://shass.mit.edu","noconference","mit"
